北沙参,根及根茎类,伞形科植物珊瑚菜Glehnia littoralis Fr. Schmidt ex Miq.的干燥根。,主产于山东、江苏、河北、辽宁等地。,甘，微苦，微寒。,养阴清肺，益胃生津。用于肺热燥咳、劳嗽痰血、热病津伤口渴。,https://sys01.lib.hkbu.edu.hk/cmed/mmid/images/B00004.jpg,补虚药
麦冬,根及根茎类,百合科植物麦冬Ophiopogon japonicus (Thunb.) Ker-Gawl.的干燥块根。,主产四川、浙江。,甘、微苦，凉。,滋阴生津、润肺止咳、清心除烦。主治热病伤津、心烦、口渴、咽干肺热、咳嗽、肺结核。,https://sys01.lib.hkbu.edu.hk/cmed/mmid/images/B00084.jpg,补虚药
当归,根及根茎类,伞形科植物当归Angelica sinensis (Oliv.) Diels 的干燥根。,主产甘肃、云南、青海等地。,甘、辛，温。,补血活血，调经止痛，润肠通便。用于血虚萎黄、眩晕心悸、月经不调、经闭痛经、虚寒腹痛、肠燥便秘、风湿痹痛、跌扑损伤、痈疽疮疡。,https://sys01.lib.hkbu.edu.hk/cmed/mmid/images/B00049.jpg,补虚药
地黄,根及根茎类,玄参科植物地黄Rehmannia glutinosa Libosch. 的新鲜或干燥块根。,主产山东、山西、河南、河北等地。,鲜地黄：甘、苦，寒。生地黄：甘，寒。熟地黄：甘，微温。,鲜地黄清热生津凉血止血；生地黄清热凉血，养阴生津；熟地黄滋阴补血，益精填髓。可用于阴虚发热，消渴，吐血，衄血，血崩，月经不调，胎动不安，阴伤便秘等症。,https://sys01.lib.hkbu.edu.hk/cmed/mmid/images/B00050.jpg,清热药
枸杞子,果实及种子类,茄科植物宁夏枸杞Lycium barbarum L. 的干燥成熟果实。,主产于甘肃、宁夏、新疆、内蒙古、青海等地。,甘，平。,滋补肝肾，益精明目。,https://sys01.lib.hkbu.edu.hk/cmed/mmid/images/B00227.jpg,补虚药
川楝子,果实及种子类,楝科植物川楝Melia toosendan Sieb. et Zucc.的干燥成熟果实。,主产四川、甘肃、湖北、贵州和云南等地。,苦，寒，有小毒。,舒肝行气止痛，驱虫。用于胸胁、脘腹胀痛，疝痛，虫积腹痛。,https://sys01.lib.hkbu.edu.hk/cmed/mmid/images/B00242.jpg,理气药
红参,根及根茎类,五加科植物人参Panax ginseng C. A. Mey.的干燥根及根茎。,主产东北地区以及朝鲜半岛。,甘、微苦，温。,大补元气，固脱生津，安神。治劳伤虚损，食少，倦怠，反胃吐食，大便滑泄，虚咳喘促，自汗暴脱，惊悸，健忘，眩晕头痛，阳痿，尿频，消渴，妇女崩漏，小儿慢惊，及久虚不复，一切气血津液不足之证。,https://sys01.lib.hkbu.edu.hk/cmed/mmid/images/B00069.jpg,补虚药
人参,根及根茎类,五加科植物人参Panax ginseng C. A. Mey.的干燥根 (栽培品) 。,主产于吉林、辽宁、黑龙江等地。,平、味甘、微苦，微温。,大补元气，复脉固脱，补脾益肺，生津止渴，安神益智。用于体虚欲脱，肢冷脉微，脾虚食少，肺虚喘咳，津伤口渴，内热消渴，久病虚赢，惊悸失眠，阳痿宫冷；心力衰竭，心原性休克。,https://sys01.lib.hkbu.edu.hk/cmed/mmid/images/B00002.jpg,补虚药
款冬花,花类,菊科植物款冬Tussilago farfara L.的干燥花蕾。,主产甘肃、陕西、山西、河南等地。,辛、微苦，温。,化痰止咳，镇咳下气，润肺祛痰，降逆止呕。主治咳嗽，气喘，肺痿，咳吐痰血等症。,https://sys01.lib.hkbu.edu.hk/cmed/mmid/images/B00307.jpg,化痰止咳平喘药
桑白皮,皮类,桑科植物桑Morus alba L.的干燥根皮。,主产浙江、江苏、安徽、湖南、四川等地。,甘，寒。,泻肺平喘，利水消肿。用于肺热咳喘，面目浮肿，小便不利等症。,https://sys01.lib.hkbu.edu.hk/cmed/mmid/images/B00352.jpg,化痰止咳平喘药
桑枝,藤木类,桑科植物桑Morus alba L.的干燥嫩枝。,主产安徽、江苏、浙江、湖南、四川等地。,苦，平。,祛风湿，利关节，行水气。主治风寒湿痹，四肢拘挛，脚气浮肿，肌体风痒。,https://sys01.lib.hkbu.edu.hk/cmed/mmid/images/B00146.jpg,祛风湿药
桔梗,根及根茎类,桔梗科植物桔梗Platycodon grandiflorum (Jacq.) A. DC.的干燥根。,主产华北、东北等地。,苦、辛，平。,宣肺、祛痰、利咽、排脓、利五脏、补气血、补五劳、养气。主治咳嗽痰多、咽喉肿痛、肺痈吐脓、胸满胁痛、痢疾腹痛、口舌生疮、目赤肿痛、小便癃闭。,https://sys01.lib.hkbu.edu.hk/cmed/mmid/images/B00076.jpg,化痰止咳平喘药
五味子,果实及种子类,木兰科植物五味子Schisandra chinensis (Turcz.) Baill.的干燥成熟果实。,主产东北地区。,酸、甘，温。,收敛固涩，益气生津，补肾宁心。用于久嗽虚喘，梦遗滑精，遗尿尿频，久泻不止，自汗，盗汗，津伤口渴，短气脉虚，内热消渴，心悸失眠。,https://sys01.lib.hkbu.edu.hk/cmed/mmid/images/B00211.jpg,收涩药
阿胶,动物类,马科动物驴Equus asinus L.的皮，经煎煮、浓缩制成的固体胶。,主产于山东东阿、河南、江苏、浙江等地。,甘，平。,补血，止血，滋阴润燥。,https://sys01.lib.hkbu.edu.hk/cmed/mmid/images/B00373.jpg,补虚药
乌梅,果实及种子类,蔷薇科植物梅Prunus mume (Sieh.) Sieb. et Zucc. 的干燥近成熟果实。夏季果实近成熟时采收，低温烘干后闷至色变黑。,主产于山西、河南、河北、山东等地。,酸、涩，平。,敛肺，涩肠，生津，安蛔。用于肺虚久咳，久痢滑肠，虚热消渴，蛔厥呕吐腹痛，胆道蛔虫症。,https://sys01.lib.hkbu.edu.hk/cmed/mmid/images/B00240.jpg,收涩药
川贝母,根及根茎类,百合科植物川贝母Fritillaria cirrhosa D. Don 的干燥鳞茎。,主产四川、云南、青海、西藏等地。,甘、苦，微寒。,清热润肺，化痰止咳。用于肺热燥咳，干咳少痰，阴虚劳嗽，咯痰带血。,https://sys01.lib.hkbu.edu.hk/cmed/mmid/images/B00043.jpg,化痰止咳平喘药
平贝母,根及根茎类,百合科植物平贝母Fritillaria ussuriensis Maxim.的干燥鳞茎。,主产东北地区。,苦、甘，微寒。,清热润肺，化痰止咳。主治主肺热燥咳，干咳少痰，阴虚劳嗽，咯痰带血，瘰疬，乳痈等。,https://sys01.lib.hkbu.edu.hk/cmed/mmid/images/B00090.jpg,清热药
浙贝母,根及根茎类,百合科植物浙贝母Fritillaria thunbergii Miq.的干燥鳞茎。,主产浙江、江苏、安徽、湖南等地。,苦，寒。,清热化痰，散结解毒。治风热咳嗽，肺痈喉痹，瘰疬，疮疡肿毒。,https://sys01.lib.hkbu.edu.hk/cmed/mmid/images/B00124.jpg,化痰止咳平喘药
罂粟壳,果实及种子类,罂粟科植物罂粟Papaver somniferum L.的干燥成熟果壳。,我国由政府限定区域栽培。,酸、涩，平，有毒。,敛肺、涩肠、止痛。用于久咳、久泻，脱肛，脘腹疼痛。,https://sys01.lib.hkbu.edu.hk/cmed/mmid/images/B00218.jpg,收涩药
羌活,根及根茎类,伞形科植物羌活Notopterygium incisum Ting ex H. T. Chang的干燥根及根茎。,主产云南、四川、青海、甘肃等地。,辛、苦，温。,散表寒；祛风湿；利关节；止痛。主治外感风寒、头痛无汗、风寒湿痹、风水浮肿、疮疡肿毒。,https://sys01.lib.hkbu.edu.hk/cmed/mmid/images/B00092.jpg,解表药
防风,根及根茎类,伞形科植物防风Saposhnikovia divaricata (Turcz.) Schischk.的干燥根。,主产内蒙古东部地区。,辛、甘，微温。,祛风解表，胜湿止痛，止痉。用于治疗外感风寒，头痛，目眩，项强、风寒湿痹，骨节酸痛，四肢挛急，破伤风。,https://sys01.lib.hkbu.edu.hk/cmed/mmid/images/B00054.jpg,解表药
白术,根及根茎类,菊科植物白术Atractylodes macrocephala Koidz.的干燥根茎。,主产浙江、湖南、湖北、安徽等地。,苦、甘，温。,健脾益气、燥湿利水、止汗、安胎。用于脾虚食少、腹胀泄泻、痰饮眩悸、水肿、自汗、胎动不安。,https://sys01.lib.hkbu.edu.hk/cmed/mmid/images/B00032.jpg,补虚药
苍术,根及根茎类,菊科植物茅苍术Atractylodes lancea (Thunb.) DC.的干燥根茎。,主产浙江、湖北、江苏、河南等地。,苦、辛，温。,燥湿健脾，祛风散寒，明目。用于脘腹胀满，泄泻水肿，脚气痿躄，风湿痹痛，风寒感冒，夜盲。,https://sys01.lib.hkbu.edu.hk/cmed/mmid/images/B00040.jpg,化湿药
细辛,根及根茎类,马兜铃科植物北细辛Asarum heterotropoides Fr. Schmidt var. mandshuricum (Maxim.) Kitag.、华细辛Asarum sieboldii Miq.及汉城细辛Asarum sieboldii Miq.var. seoulense Nakai的干燥根及根茎。,主产东北地区及江苏、湖北等地。,辛，温。,解表散寒；祛风止痛；温肺化饮；通窍。主治风寒表证；头痛，牙痛；风湿痹痛；痰饮咳喘；鼻塞；鼻渊；口疮。,https://sys01.lib.hkbu.edu.hk/cmed/mmid/images/B00112.jpg,解表药
川芎,根及根茎类,伞形科植物川芎Ligusticum chuanxiong Hort.的干燥根茎。,主产四川、江西、湖南、湖北等地。,辛，温。,活血祛瘀；行气开郁；祛风止痛 。用于胸痹心痛，胸胁刺痛，跌扑肿痛，月经不调，经闭痛经，瘾瘕腹痛，头痛，风湿痹痛。,https://sys01.lib.hkbu.edu.hk/cmed/mmid/images/B00047.jpg,活血化瘀药
白芷,根及根茎类,伞形科植物杭白芷Angelica dahurica (Fisch. ex Hoffm.) Benth. et Hook. f. var. formosana (Boiss.) Shan et Yuan的干燥根。,主产浙江、四川、黑龙江、吉林、辽宁等地。,辛，温。,祛风湿，活血排脓，生肌止痛。用于头痛、牙痛、鼻渊、肠风痔漏、赤白带下、痈疽疮疡、皮肤瘙痒。,https://sys01.lib.hkbu.edu.hk/cmed/mmid/images/B00031.jpg,解表药
黄芩,根及根茎类,唇形科植物黄芩Scutellaria baicalensis Georgi 的干燥根。,主产内蒙古、山西、河北、辽宁等地。,苦，寒。,清热燥湿，泻火解毒，止血，安胎，降血压。用于湿温、暑温胸闷呕恶，湿热痞满，泻痢，黄疸，肺热咳嗽，高热烦渴，血热吐衄，痈肿疮毒，胎动不安。,https://sys01.lib.hkbu.edu.hk/cmed/mmid/images/B00072.jpg,清热药
甘草,根及根茎类,豆科植物甘草Glycyrrhiza uralensis Fisch.的干燥根及根茎。,主产于内蒙古、山西、甘肃、新疆、宁夏等地。,甘，平。,益气补中，清热解毒，祛痰止咳，缓急止痛，调和药性。,https://sys01.lib.hkbu.edu.hk/cmed/mmid/images/B00129.jpg,补虚药
黄柏,皮类,芸香科植物黄皮树Phellodendron chinense Schneid.的干燥树皮。习称“川黄柏”。,主产四川、重庆、贵州等地。,苦，寒。,清热燥湿，泻火除蒸，解毒疗疮。用于湿热泻痢，黄疸，带下，热淋，脚气，骨蒸劳热，盗汗，遗精，疮疡肿毒，湿疹瘙痒。,https://sys01.lib.hkbu.edu.hk/cmed/mmid/images/B00346.jpg,清热药
半夏,根及根茎类,天南星科植物半夏Pinellia ternata (Thunb.) Breit.的干燥块茎。,主产甘肃、湖北、四川、安徽、江苏、河南，浙江等地。,辛、温，有毒。,燥湿化痰，降逆止呕，消痞散结。用于湿痰寒痰，咳喘痰多，痰饮 眩悸，风痰眩晕，痰厥头痛.呕吐反胃.胸院痞闷，梅核气；外治痛肿痰核。,https://sys01.lib.hkbu.edu.hk/cmed/mmid/images/B00132.jpg,化痰止咳平喘药
茯苓,菌藻类,多孔菌科真菌茯苓Poria cocos (Schw.) Wolf的干燥菌核。,主产于安徽、江西、江苏、浙江等地。,甘、淡，平。,渗湿利水，健脾和胃，宁心安神。小便不利；水肿胀满；痰饮咳逆；呕吐；脾虚食少；泄泻；心悸不安；失眠健忘；遗精白浊。,https://sys01.lib.hkbu.edu.hk/cmed/mmid/images/B00356.jpg,利水渗湿药
车前子,果实及种子类,车前科植物车前Plantago asiatica L.或平车前Plantago depressa Willd.的干燥成熟种子。,全国各地均产。,甘、淡，微寒。,清热利尿；渗湿止泻；明目；祛痰。主小便不利；淋浊带下；水肿胀满；暑湿泻痢；目赤障翳；痰热咳喘。,https://sys01.lib.hkbu.edu.hk/cmed/mmid/images/B00163.jpg,利水渗湿药
瞿麦,全草类,石竹科植物石竹Dianthus chinensis L.以及瞿麦Dianthus superbus L.的干燥地上部分。,主产河南、河北、东北等地。,苦，寒。,利尿通淋，破血通经。用于热淋、血淋、石淋、小便不通、淋沥涩痛。,https://sys01.lib.hkbu.edu.hk/cmed/mmid/images/B00282.jpg,利水渗湿药
滑石,矿物类,硅酸盐类矿物滑石族滑石，主成分为含水硅酸镁[Mg3 (Si4O10) (OH) 2]。,主产山东、江苏、陕西等地。,甘、淡，寒。,利尿通淋，清热解暑，祛湿敛疮。用于热淋，石淋，尿热涩痛，暑湿烦渴，湿热水泻；外治湿疹，湿疮，痱子。,https://sys01.lib.hkbu.edu.hk/cmed/mmid/images/B00401.jpg,利水渗湿药
栀子,果实及种子类,茜草科植物栀子Gardenia jasminoides Ellis的干燥成熟果实。,主产湖北、湖南、江西、福建等地。,苦，寒。,泻火除烦；清热利湿；凉血解毒主治热病心烦；肝火目赤；头痛；湿热黄疸；淋证；血痢尿血；口舌生疮；疮疡肿毒；扭伤肿痛。,https://sys01.lib.hkbu.edu.hk/cmed/mmid/images/B00224.jpg,清热药
木通,藤木类,木通科植物木通Akebia quinata (Thunb.) Decne.、三叶木通Akebia trifoliata (Thunb.) Koidz.及白木通Akebia trifoliata (Thunb.) Koidz. var. australis (Diels) Rehd.的干燥藤茎。,主产华东地区。,苦，微寒。,清热利尿；活血通脉。主小便赤赤；淋浊；水肿；胸中烦热；喉喉疼痛；口舌生疮；风湿痹痛；乳汁不通；经闭；痛经。,https://sys01.lib.hkbu.edu.hk/cmed/mmid/images/B00143.jpg,利水渗湿药
大黄,根及根茎类,蓼科植物掌叶大黄Rheum palmatum L.唐古特大黄Rheum tanguticum Maxim. ex Balf. 或药用大黄Rheum officinale Baill.的干燥根及根茎。,主产于甘肃、青海、西藏、四川等地。,味苦，性寒。,攻积滞；清湿热；泻火；凉血；祛瘀；解毒。主治实热便秘；热结胸痞；湿热泻痢；黄疸；淋病；水肿腹满；小便不利；目赤；咽喉肿痛；口舌生疮；胃热呕吐；吐血；咯血；衄血；便血；尿血；蓄血；经闭；产后瘀滞腹痛；症瘕积聚；跌打损伤；热毒痈疡；丹毒；烫伤。,https://sys01.lib.hkbu.edu.hk/cmed/mmid/images/B00006.jpg,泻下药
白芍,根及根茎类,毛茛科植物芍药Paeonia lactiflora Pall.的干燥根。,主产安徽、四川、浙江等地。,苦、酸，微寒。,养血柔肝，缓中止痛，敛阴收汗。治胸腹胁肋疼痛，泻痢腹痛，自汗盗汗，阴虚发热，月经不调，崩漏，带下。,https://sys01.lib.hkbu.edu.hk/cmed/mmid/images/B00026.jpg,补虚药
大蓟,全草类,菊科植物蓟Cirsium japonicum Fisch. ex DC. 的干燥地上部分及根。,主产于江苏、浙江、四川等地。,甘、苦，凉。,止血凉血、祛瘀消肿。主治吐血，衄血，尿血，血淋，血崩，带下，肠风，肠痈，痈疡肿毒，疔疮。,https://sys01.lib.hkbu.edu.hk/cmed/mmid/images/B00265.jpg,止血药
小蓟,全草类,菊科植物刺儿菜Cirsium setosum (Willd.) MB. 的干燥地上部分。,全国大部分地区均产。,甘、苦，凉。,凉血止血，祛瘀消肿。用于衄血，吐血，尿血，便血，崩漏下血，外伤出血，痈肿疮毒。,https://sys01.lib.hkbu.edu.hk/cmed/mmid/images/B00266.jpg,止血药
荷叶,叶类,睡莲科植物莲Nelumbo nucifera Gaertn.的干燥叶。,主产福建、江苏、湖南、湖北等地。,苦，平。,清热解暑，升发清阳，凉血止血。用于暑热烦渴，暑湿泄泻，脾虚泄泻，血热吐衄，便血崩漏。,https://sys01.lib.hkbu.edu.hk/cmed/mmid/images/B00329.jpg,清热药
侧柏叶,叶类,柏科植物侧柏Platycladus orientalis (L.) Franco的干燥枝梢及叶。,全国大部地区均产。,苦、涩，寒。,凉血，止血，祛风湿，散肿毒。治吐血、衄血、尿血、血痢、肠风、崩漏，风湿痹痛，细菌性痢疾，高血压，咳嗽，丹毒，痄腮，烫伤。,https://sys01.lib.hkbu.edu.hk/cmed/mmid/images/B00323.jpg,止血药
白茅根,根及根茎类,禾本科植物白茅Imperata cylindrica (Linn.) P. Beauv.的干燥根茎。,主产河南、辽宁、河北、山西、山东、陕西、新疆等北方地区。,甘、寒。,凉血，止血，清热，利尿。治热病烦渴，吐血，衄血，肺热喘急，胃热哕逆，淋病，小便不利，水肿，黄疸。,https://sys01.lib.hkbu.edu.hk/cmed/mmid/images/B00024.jpg,止血药
茜草,根及根茎类,茜草科植物茜草Rubia cordifolia L.的干燥根及根茎。,主产河南、陕西、山西等地。,苦，寒。,凉血，止血，祛瘀，通经，镇咳，祛痰。用于吐血，衄血，崩漏，外伤出血，经闭瘀阻，关节痹痛，跌扑肿痛。现代医学临床研究：可以治疗出血性疾患，慢性气管炎，慢性腹泻，风湿性关节炎，治疗软组织损伤，治疗白细胞减少症。,https://sys01.lib.hkbu.edu.hk/cmed/mmid/images/B00091.jpg,止血药
牡丹皮,皮类,毛茛科植物牡丹Paeonia suffruticosa Andr.的干燥根皮。,主产四川、安徽、河南、山东等地。,苦、辛，微寒。,清热凉血；活血散瘀。温热病热入血分；发斑；吐衄；热病后期热伏阴分发热；阴虚骨蒸潮热；血滞经闭；痛经；痈肿疮毒；跌扑伤痛；风湿热痹。,https://sys01.lib.hkbu.edu.hk/cmed/mmid/images/B00349.jpg,清热药
棕榈,叶类,棕榈科植物棕榈Trachycarpus fortunei (Hook.) H. Wendl.的干燥叶柄。,主产于四川、云南、贵州、湖南、湖北、陕西等地区。,苦、涩，平。,收敛止血。用于吐血，衄血，尿血，便血，崩漏。,https://sys01.lib.hkbu.edu.hk/cmed/mmid/images/B00339.jpg,解表药
芫花,花类,瑞香科植物芫花Daphne genkwa Sieb. et Zucc.的干燥花蕾。,主产于山东、江苏、安徽等地。,甘、苦，温，有毒。,泻水逐饮，解毒杀虫。用于水肿胀满，胸腹积水，痰饮积聚，气逆喘咳，二便不利；外治疥癣秃疮，冻疮。根皮：消肿解毒，活血止痛。用于急性乳腺炎，痈疖肿毒，淋巴结结核，腹水，风湿痛，牙痛，跌打损伤。,https://sys01.lib.hkbu.edu.hk/cmed/mmid/images/B00317.jpg,泻下药
甘遂,根及根茎类,大戟科植物甘遂Euphorbia kansui T. N. Liou ex T. P. Wang的干燥块根。,主产宁夏、陕西、山西、河南。,苦，寒，有毒。,泻水逐饮，消肿散结。用于水肿胀满，胸腹积水，痰饮积聚，气逆喘咳，二便不利，消肿散结：外用可治痈肿疮疡。,https://sys01.lib.hkbu.edu.hk/cmed/mmid/images/B00060.jpg,泻下药
京大戟,根及根茎类,大戟科植物大戟Euphorbia pekinensis Rupr.的干燥根。,主产江苏、山西、湖北等地。,苦，寒，有毒。,泻水逐饮。用于水肿胀满，胸腹积水，痰饮积聚，气逆喘咳，二便不利。,https://sys01.lib.hkbu.edu.hk/cmed/mmid/images/B00077.jpg,泻下药
紫苏子,果实及种子类,唇形科植物紫苏Perilla frutescens (L.) Britt.的干燥成熟果实。,主产浙江、江苏、湖北、河南等地。,辛，温。,降气消痰，平喘，润肠。用于痰壅气逆，咳嗽气喘，肠燥便秘。解表散寒，行气和胃。用于风寒感冒，咳嗽气喘，妊娠呕吐，胎动不安。又可解鱼蟹中毒。,https://sys01.lib.hkbu.edu.hk/cmed/mmid/images/B00226.jpg,化痰止咳平喘药
莱菔子,果实及种子类,十字花科植物萝卜Raphanus sativus L.的干燥成熟种子。,各地均产。,辛、甘，平。,消食除胀，降气化痰。用于饮食停滞、脘腹胀痛、大便秘结、积滞泻痢、痰壅喘咳。,https://sys01.lib.hkbu.edu.hk/cmed/mmid/images/B00189.jpg,消食药
苦杏仁,果实及种子类,蔷薇科植物山杏Prunus armeniaca L. var. ansu Masim.、西伯利亚杏Prunus sibirica L.、东北杏Prunus mandshurica (Maxim.) Koehne或杏Prunus armeniaca L.的干燥成熟种子。,主产辽宁、内蒙古、河北、山东等地。,苦杏仁：味苦，微温。甜杏仁：味甘、性平。,降气止咳平喘，润肠通便。用于咳嗽气喘，胸满痰多，血虚津枯，肠燥便秘。,https://sys01.lib.hkbu.edu.hk/cmed/mmid/images/B00216.jpg,化痰止咳平喘药
通草,藤木类,五加科植物通脱木Tetrapanax papyriferus (Hook.) K. Koch的干燥茎髓。,主产四川、贵州、湖北、云南等地。,甘、淡，微寒。,清热利湿；通乳，用于淋症涩痛；小便不利；水肿；黄疸；湿温病；小便短赤；产后乳少；经闭；带下。,https://sys01.lib.hkbu.edu.hk/cmed/mmid/images/B00147.jpg,利水渗湿药
豆蔻,果实及种子类,姜科植物白豆蔻Amomum kravanh Pierre ex Gagnep.的干燥成熟果实。,主产泰国、柬埔寨、缅甸等国。,辛，温。,化湿消痞，行气温中，开胃消食。用于湿浊中阻，不思饮食，湿温初起，胸闷不饥，寒湿呕逆，胸腹胀痛，食积不消。,https://sys01.lib.hkbu.edu.hk/cmed/mmid/images/B00174.jpg,化湿药
淡竹叶,全草类,禾本科植物淡竹叶Lophatherum gracile Brongn.的干燥茎叶。,主产江苏、湖南、湖北等地。,甘、淡，寒。,清热泻火，除烦止渴，利尿通淋。用于热病烦渴，小便短赤涩痛，口舌生疮。,https://sys01.lib.hkbu.edu.hk/cmed/mmid/images/B00267.jpg,清热药
厚朴,皮类,木兰科植物厚朴Magnolia officinalis Rehd. et Wils的干燥干皮、根皮以及枝皮。,主产四川、浙江、湖北、湖南等地。,苦、辛，温。,行气消积；燥湿除满；降逆平喘。主治食积气滞；腹胀便秘；湿阻中焦，脘痞吐泻；痰壅气逆；胸满喘咳。,https://sys01.lib.hkbu.edu.hk/cmed/mmid/images/B00347.jpg,化湿药
薏苡仁,果实及种子类,禾本科植物薏苡Coix lacryma-jobi L. var. ma-yuen (Roman.) Stapf的干燥成熟种仁。,主产福建、河北、浙江等地。,甘、淡，微寒。,健脾渗湿，除痹止泻。薏米可用于治疗水肿、脚气、小便不利、湿痹拘挛、脾虚泄泻。,https://sys01.lib.hkbu.edu.hk/cmed/mmid/images/B00219.jpg,利水渗湿药
龟甲,动物类,龟科动物乌龟Chinemys reevesii (Gray) 的背甲及腹甲。全年均可捕捉，以秋、冬二季为多，捕捉后杀死，剥取背甲及腹甲，除去残肉，称为“血板”。或用沸水烫死，剥取背甲及腹甲，除去残肉，晒干者，称为“烫板”。,主产于安徽、浙江、湖北、湖南等地。,咸、甘，微寒。,滋阴潜阳，益肾强骨，养血补心。用于阴虚潮热，骨蒸盗汗，头晕目眩虚风内动，筋骨痿软，心虚健忘。,https://sys01.lib.hkbu.edu.hk/cmed/mmid/images/B00376.jpg,补虚药
火麻仁,果实及种子类,桑科植物大麻Cannabis sativa L. 的干燥成熟果实。,主产黑龙江、辽宁、吉林、四川、甘肃、云南、江苏、浙江等地。,甘，平。,润肠通便。用于血虚津亏，肠燥便秘。,https://sys01.lib.hkbu.edu.hk/cmed/mmid/images/B00244.jpg,泻下药
牡蛎,动物类,牡蛎科动物长牡蛎Ostrea gigas Thunberg、大连湾牡蛎Ostrea talienwhanensis Crosse 或近江牡蛎Ostrea rivularis Gould的贝壳。全年均可采收，去肉，洗净，晒干。,主产于福建、山东、辽宁、广东沿海。,咸，微寒。,重镇安神，潜阳补阴，软坚散结。用于惊悸失眠，眩晕耳鸣，瘰疬痰核，症瘕痞块。煅牡蛎收敛固涩。用于自汗盗汗，遗精崩带，胃痛吞酸。,https://sys01.lib.hkbu.edu.hk/cmed/mmid/images/B00383.jpg,平肝息风药
鳖甲,动物类,鳖科动物鳖Trionyx sinensis Wiegmann 的背甲。多秋冬二季捕捉，杀死后置沸水中烫至背甲上的硬皮能够剥落时，取出，剥取背甲，除去残肉，晒干。,主产于安徽、江苏、湖北、河南等地。,咸，寒。,滋肾潜阳，软坚散结。主治骨蒸劳热、疟母、胁下坚硬、腰痛，经闭症瘕等症。,https://sys01.lib.hkbu.edu.hk/cmed/mmid/images/B00368.jpg,补虚药
枳实,果实及种子类,芸香科植物酸橙Citrus aurantium L. 及其栽培变种或甜橙Citrus sinensis (L.) Osbeck的干燥幼果。,主产四川、湖南、江西等地。,苦、辛、酸，温。,破气消积，化痰散痞。用于积滞内停；痞满胀痛；大便秘结；泻痢后重；结胸；胃下垂；子宫脱垂；脱肛。,https://sys01.lib.hkbu.edu.hk/cmed/mmid/images/B00223.jpg,理气药
芒硝,矿物类,碳酸盐类矿物芒硝族芒硝，经加工精制而成的结晶体。主成分是含水硫酸钠 (Na2SO4•10H2O) 。,大部分地区均产。,咸、苦，寒。,破痞，温中，消食，逐水，缓泻。用于胃脘痞，食痞，消化不良，浮肿水肿，乳肿，闭经，便秘。,https://sys01.lib.hkbu.edu.hk/cmed/mmid/images/B00404.jpg,泻下药
玄明粉,矿物类,主要成分为无水硫酸钠Na2SO4。是朴硝 (Na2SO4·10H2O) 风化脱水制成。,全国大部分地区均产。,辛、咸，寒。,泻热通便；软坚散结；清热解毒；清肺解暑；消积和胃。主治实热积滞；大便不通；目赤肿痛；咽肿口疮；痈疽肿毒。,https://sys01.lib.hkbu.edu.hk/cmed/mmid/images/B00407.jpg,泻下药
柴胡,根及根茎类,伞形科植物柴胡Bupleurum chinense DC.的干燥根。,主产河南、河北、陕西等地。,苦，微寒。,和解少阳，疏肝解郁。透表泄热，升举阳气。用于感冒发热、寒热往来、疟疾，肝郁气滞，胸肋胀痛，脱肛，子宫脱落，月经不调。,https://sys01.lib.hkbu.edu.hk/cmed/mmid/images/B00038.jpg,解表药
生姜,根及根茎类,姜科植物姜Zingiber officinale (Willd.) Rosc.的新鲜根茎。,全国各地均产。,辛，微温。,发汗解表，温中止呕，温肺止咳，解鱼蟹毒，解药毒。,https://sys01.lib.hkbu.edu.hk/cmed/mmid/images/B00012.jpg,解表药
大枣,果实及种子类,鼠李科植物枣Ziziphus jujuba Mill.的干燥成熟果实,主产于山西、陕西、河北、河南等地区。,甘，温。,补中益气，养血安神。用于脾虚食少，乏力便溏，妇人脏躁。,https://sys01.lib.hkbu.edu.hk/cmed/mmid/images/B00171.jpg,补虚药
秦艽,根及根茎类,龙胆科植物秦艽Gentiana macrophylla Pall. 、麻花秦艽Gentiana straminea Maxim.、粗茎秦艽Gentiana crassicaulis Duthie ex Burk.或小秦艽Gentiana dahurica Fisch. 的干燥根。,主产甘肃、宁夏、青海、四川等地。,辛、苦，微寒。,袪风湿，舒筋络，清虚热。用于风湿痹痛，筋脉拘挛，骨节酸痛，日晡潮热，小儿疳积发热。,https://sys01.lib.hkbu.edu.hk/cmed/mmid/images/B00095.jpg,祛风湿药
石膏,矿物类,本品为硫酸盐类矿物硬石膏族石膏，主含含水硫酸钙 (CaSO4•2H2O) 采挖后，除去杂石及泥沙。,主产于山东、内蒙古、湖北、吉林、江苏、山东、广西、山西、宁夏石膏矿等地区。,甘、辛，大寒。,清热泻火，除烦止渴。用于外感热病，高热烦渴。肺热喘咳，胃火亢盛，头痛，牙痛。,https://sys01.lib.hkbu.edu.hk/cmed/mmid/images/B00412.jpg,清热药
独活,根及根茎类,伞形科植物重齿毛当归Angelica pubescens Maxim. f. biserrata Shan et Yuan 的干燥根。,主产四川、湖北等地。,辛、苦，微温。,祛风胜湿；散寒止痛。用于风寒湿痹；腰膝疼痛；少阴伏风头痛，头痛齿痛。,https://sys01.lib.hkbu.edu.hk/cmed/mmid/images/B00052.jpg,祛风湿药
桃仁,果实及种子类,蔷薇科植物桃Prunus persica (L.) Batsch或山桃Prunus davidiana (Carr.) Franch.的干燥成熟种子。,主产北京、河北、陕西等地。,苦、甘，平。,活血祛瘀，润肠通便，止咳平喘。用于经闭，痛经，癓瘕痞块，跌扑损伤，肠燥便秘。,https://sys01.lib.hkbu.edu.hk/cmed/mmid/images/B00207.jpg,活血化瘀药
附子,根及根茎类,毛茛科植物乌头Aconitum carmichaelii Debx.的子根的加工品。,主产陕西、四川等地。,甘、辛，大热，有毒。,回阳救逆，补火助阳，散寒止痛。“为回阳救逆第一品药”。用于阴盛格阳，大汗亡阳，吐泻厥逆，肢冷脉微，心腹冷痛，冷痢，脚气水肿，风寒湿痹，阳痿，宫冷，虚寒吐泻，阴寒水肿，阳虚外感，阴疽疮疡以及一切沉寒痼冷之疾。,https://sys01.lib.hkbu.edu.hk/cmed/mmid/images/B00058.jpg,温里药
知母,根及根茎类,百合科植物知母Anemarrhena asphodeloides Bge.的干燥根茎。,主产山西、河南、甘肃、陕西、内蒙古等地。,苦、甘，寒。,清热泻火，生津润燥。用治外感热病，高热烦渴，内治肺热咳嗽，胃热消渴，肺燥咳嗽；肠燥便秘；骨蒸潮热。,https://sys01.lib.hkbu.edu.hk/cmed/mmid/images/B00125.jpg,清热药
麻黄,全草类,麻黄科植物草麻黄Ephedra sinica Stapf、木贼麻黄Ephedra equisetina Bge.与中麻黄Ephedra intermedia Schrenk et C. A. Mey.的干燥草质茎。,主产内蒙古、新疆、山西等地。,辛、微苦，温。,发汗散寒，宣肺平喘，利水消肿。,https://sys01.lib.hkbu.edu.hk/cmed/mmid/images/B00278.jpg,解表药
干姜,根及根茎类,姜科植物姜Zingiber officinale (Willd.) Rosc.的干燥根茎。,主产于四川、贵州等地。,味辛，性热。,温中散寒，回阳通脉，燥湿消痰，温肺化饮。主治脘腹冷痛；呕吐；泄泻，亡阳厥逆；寒饮喘咳；寒湿痹痛。,https://sys01.lib.hkbu.edu.hk/cmed/mmid/images/B00013.jpg,温里药
桂枝,藤木类,樟科植物肉桂Cinnamomum cassia Presl的干燥嫩枝。,主产于福建、广东、广西等地。,辛、甘，温。,发汗解肌，温通经脉，助阳化气，平冲降气。用于风寒感冒，脘腹冷痛，血寒经闭，关节痹痛，痰饮，水肿，心悸，奔豚。,https://sys01.lib.hkbu.edu.hk/cmed/mmid/images/B00138.jpg,解表药
地龙,动物类,巨蚓科动物参环毛蚓Pheretima aspergillum (E. Perrier) 、通俗环毛蚓Pheretima vulgaris Chen、威廉环毛蚓Pheretima guillelmi (Michaelsen) 或栉盲环毛蚓Pheretima pectinifera Michaelsen 的干燥体。前一种习称“广地龙”，后三种习称“沪地龙”。广地龙春季至秋季捕捉，沪地龙夏季捕捉，及时剖开腹部，除去内脏及泥沙，洗净，晒干或低温干燥。,主产于广东、广西、福建等地。,咸，寒。,清热定惊，通络，平喘，利尿。用于高热神昏，惊痫抽搐，关节痹痛，肢体麻木，半身不遂，肺热喘咳，尿少水肿，高血压。,https://sys01.lib.hkbu.edu.hk/cmed/mmid/images/B00372.jpg,平肝息风药
乳香,树脂类,橄榄科乳香树属植物乳香树Boswellia carterii Birdw.、药胶香树Boswellia bhaw-dajiana Birdw.及野乳香树Boswellia neglecta M. Moore等，以其树干皮部伤口渗出的油胶树脂入药。春夏均可采。,主产索马里、埃塞俄比亚、阿拉伯半岛及印度等地。,辛、苦，温。,调气活血，定痛，追毒。治气血凝滞、心腹疼痛，痈疮肿毒，跌打损伤，痛经，产后瘀血刺痛。,https://sys01.lib.hkbu.edu.hk/cmed/mmid/images/B00365.jpg,活血化瘀药
没药,树脂类,橄榄科植物没药树Commiphora myrrha Engl. (C. molmol Engler) 及同属他种植物的树干皮部渗出的油胶树脂。一般在11月至次年2月间采收，但亦有在6~7月间采收，采收后拣净树及其他杂质即得。,主产索马里、埃塞俄比亚、阿拉伯半岛及印度等地。,辛、苦，平。,散血去瘀，消肿定痛。,https://sys01.lib.hkbu.edu.hk/cmed/mmid/images/B00364.jpg,活血化瘀药
黄连,根及根茎类,毛茛科植物黄连Coptis chinensis Franch.的干燥根茎。,主产重庆、湖北、陕西、甘肃等地。,苦，寒。,清热燥湿，泻火解毒。用于湿热痞满，呕吐吞酸，泻痢，黄疸，高热神昏，心火亢盛，心烦不寐，血热吐衄，目赤，牙痛，消渴，痈肿疔疮；外治湿疹，湿疮，耳道流脓。,https://sys01.lib.hkbu.edu.hk/cmed/mmid/images/B00070.jpg,清热药
瓜蒌,果实及种子类,葫芦科植物栝楼Trichosanthes kirilowii Harms的干燥成熟果实。,主产于河南、河北、山东、安徽等地。,甘、苦，寒。,润肺，化痰，散结，润肠。治痰热咳嗽，胸痹，结胸，肺痿咳血，消渴，黄疸，便秘，痈肿初起。,https://sys01.lib.hkbu.edu.hk/cmed/mmid/images/B00177.jpg,化痰止咳平喘药
蒲黄,花类,香蒲科植物水烛香蒲Typha angustifolia L.的干燥花粉。,主产江苏、安徽、浙江、山东等地。,甘、平。,止血，化瘀，通淋。用于吐血、衄血、咯血、崩漏、外伤出血、经闭、痛经、脘腹刺痛、跌打肿痛、血淋湿痛。,https://sys01.lib.hkbu.edu.hk/cmed/mmid/images/B00311.jpg,止血药
荆芥,全草类,唇形科植物荆芥Schizonepeta tenuifolia Briq.的干燥地上部分。,主产于江苏、浙江、河北、河南等地。,辛，微温。,解表散风，透疹，消疮，止血。用于感冒，麻疹透发不畅，便血、崩漏、鼻衄。,https://sys01.lib.hkbu.edu.hk/cmed/mmid/images/B00274.jpg,解表药
薄荷,全草类,唇形科植物薄荷Mentha haplocalyx Briq. 的干燥地上部分。,主产于安徽、江苏、江西、四川等地。,辛，凉。,疏散风热，清利头目，透疹。具有疏散风热、清利头目、利咽、透疹、疏肝解郁之功效。现代医学常将其用于治疗风热感冒、头痛、咽喉痛、口舌生疮、风疹、麻疹、胸腹胀闷和抗早孕等。另外，薄荷还具有消炎止痛作用。,https://sys01.lib.hkbu.edu.hk/cmed/mmid/images/B00261.jpg,解表药
陈皮,果实及种子类,芸香科植物橘Citrus reticulata Blanco及其栽培变种的干燥成熟果皮。,主产川渝地区、广东、福建、江西等地。,苦、辛，温。,理气健脾，燥湿化痰。用于胸脘胀满，食少吐泻，咳嗽痰多。,https://sys01.lib.hkbu.edu.hk/cmed/mmid/images/B00162.jpg,理气药
青皮,果实及种子类,芸香科植物橘Citrus reticulata Blanco及其栽培变种的干燥幼果或未成熟果实的果皮。,主产福建、广东、江苏、四川等地。,苦、辛，温。,疏肝破气、消积化滞。用于胸肋脘胀痛，乳痈、疝痛，食积气滞。,https://sys01.lib.hkbu.edu.hk/cmed/mmid/images/B00200.jpg,理气药
大腹皮,果实及种子类,棕榈科植物槟榔Areca catechu L.的干燥果皮。,主产于云南、福建、台湾、海南等地。,辛，微温。,下气宽中，行水消肿之功效。现代研究，该品有兴奋胃肠道平滑肌、促胃肠动力作用，并有促进纤维蛋白溶解等作用。,https://sys01.lib.hkbu.edu.hk/cmed/mmid/images/B00167.jpg,理气药
猪苓,菌藻类,多孔菌科真菌猪苓Polyporus umbellatus (Pers.) Fries的干燥菌核。,主产于陕西、山西、河南、云南等地。,甘、淡，平。,利水渗湿。用于小便不利，水肿，泄泻，淋浊，带下。,https://sys01.lib.hkbu.edu.hk/cmed/mmid/images/B00360.jpg,利水渗湿药
泽泻,根及根茎类,泽泻科植物泽泻Alisma orientalis (Sam.) Juzep.的干燥块茎。,主产福建、四川等地。,甘、淡，寒。,利水渗湿；泄热通淋。主小便不利；热淋涩痛；水肿胀满；泄泻；痰饮眩晕；遗精。,https://sys01.lib.hkbu.edu.hk/cmed/mmid/images/B00123.jpg,利水渗湿药
山茱萸,果实及种子类,山茱萸科植物山茱萸Cornus officinalis Sieb. et Zucc. 的干燥成熟果肉。,主产于河南省、浙江省、陕西省等地。,酸、涩，微温。,补益肝肾，涩精固脱。用于眩晕耳鸣，腰膝酸痛，阳痿遗精，遗尿尿频，崩漏带下，大汗虚脱，内热消渴。,https://sys01.lib.hkbu.edu.hk/cmed/mmid/images/B00234.jpg,收涩药
粉萆薢,根及根茎类,薯蓣科植物粉背薯蓣Dioscorea hypoglauca Palibin的干燥根茎。,主产湖南、浙江、江西、安徽等地。,苦，平。,利水，祛风，利湿。治风湿顽痹，腰膝疼痛，小便不利，淋浊，遗精，湿热疮毒。,https://sys01.lib.hkbu.edu.hk/cmed/mmid/images/B00056.jpg,利水渗湿药
山药,根及根茎类,薯蓣科植物薯蓣Dioscorea opposita Thunb.的干燥根茎。,主产于河南、山西、河北、陕西等地。,甘、平。,补脾养胃，生津益肺，补肾涩精。用于脾虚食少，久泻不止，肺虚喘咳，肾虚遗精，带下，尿频，虚热消渴。,https://sys01.lib.hkbu.edu.hk/cmed/mmid/images/B00007.jpg,补虚药
升麻,根及根茎类,毛茛科植物大三叶升麻Cimicifuga heracleifolia Kom.、兴安升麻Cimicifuga dahurica (Turcz.) Maxim. 或升麻Cimicifuga foetida L. 的干燥根茎。,主产东北地区。,辛、微辛，微寒。,发表透疹，清热解毒，升举阳气。用于风热头痛，齿痛，口疮，咽喉肿痛，麻疹不透，阳毒发斑；脱肛，子宫脱垂。,https://sys01.lib.hkbu.edu.hk/cmed/mmid/images/B00101.jpg,解表药
葛根,根及根茎类,豆科植物野葛Pueraria lobata (Willd.) Ohwi的干燥根。,主产河南、浙江、广东、湖南等地。,甘、辛，凉。,解表退热，生津，透疹，升阳止泻。用于外感发热头痛、高血压颈项强痛、口渴、消渴、麻疹不透、热痢、泄泻。,https://sys01.lib.hkbu.edu.hk/cmed/mmid/images/B00063.jpg,解表药
玄参,根及根茎类,玄参科植物玄参Scrophularia ningpoensis Hensl.的干燥根。,主产川渝地区、陕西、湖北、江西等地。,甘、苦、咸，微寒。,清热凉血，泻火解毒，滋阴。用于温邪入营，内陷心包，温毒发斑，热病伤阴、舌绛烦渴、津伤便秘、骨蒸劳嗽、目赤、咽痛、瘰疬、白喉、痈肿疮毒。,https://sys01.lib.hkbu.edu.hk/cmed/mmid/images/B00114.jpg,清热药
丹参,根及根茎类,唇形科植物丹参Salvia miltiorrhiza Bge.的干燥根及根茎。,主产山东、江苏、安徽、四川等地。,苦，微寒。,活血调经，祛瘀止痛，凉血消痈，清心除烦，养血安神。主治月经不调，经闭痛经，症瘕积聚，胸腹刺痛，热痹疼痛，疮疡肿痛，心烦不眠；肝脾肿大，心绞痛。,https://sys01.lib.hkbu.edu.hk/cmed/mmid/images/B00020.jpg,活血化瘀药
远志,根及根茎类,远志科植物远志Polygala tenuifolia Willd.或卵叶远志Polygala sibirica L. 的干燥根。,主产陕西、山西、吉林、河南等地。,苦、辛，微温。,安神益智，祛痰，消肿。用于心肾不交引起的失眠多梦，健忘惊悸，神志恍惚，咳痰不爽，疮疡肿毒，乳房肿痛。,https://sys01.lib.hkbu.edu.hk/cmed/mmid/images/B00119.jpg,安神药
天冬,根及根茎类,百合科植物天冬Asparagus cochinchinensis (Lour.) Merr.的干燥块根。,主产广西、四川、贵州等地。,甘、苦，寒。,养阴清热，润燥生津。主治肺结核，支气管炎，白喉，百日咳，口燥咽干，热病口渴，糖尿病，大便燥结；外用治疮疡肿毒，蛇咬伤。,https://sys01.lib.hkbu.edu.hk/cmed/mmid/images/B00103.jpg,补虚药
柏子仁,果实及种子类,柏科植物侧柏Platycladus orientalis (L.) Franco的干燥成熟种仁。,主产于河北、山东、陕西等地。,甘，平。,养心安神，润肠通便。用于虚烦不眠，心悸怔忡，肠燥便秘等症。,https://sys01.lib.hkbu.edu.hk/cmed/mmid/images/B00154.jpg,安神药
酸枣仁,果实及种子类,鼠李科植物酸枣Ziziphus jujuba Mill. var. spinosa (Bunge) Hu ex H. F. Chou的干燥成熟种子。,主产于河北省、陕西省、辽宁省、河南省等地。,甘，酸，平。,养心补肝，宁心安神，敛汗，生津。用于虑烦不眠，惊悸多梦，体虚多汗，津伤口渴。,https://sys01.lib.hkbu.edu.hk/cmed/mmid/images/B00235.jpg,安神药
天麻,根及根茎类,兰科天麻属植物天麻Gastrodia elata Bl.的干燥块茎,主产于四川、云南、贵州、陕西、湖北等地。,气微，性平，味甘，微辛。,息风止痉，平肝潜阳，祛风通络。,https://sys01.lib.hkbu.edu.hk/cmed/mmid/images/B00003.jpg,平肝息风药
钩藤,藤木类,茜草科植物钩藤Uncaria rhynchophylla (Miq.) Jacks.的干燥带钩茎枝。,主产于广东、广西、湖南、湖北等地。,甘，凉。,清热平肝；熄风止痉。小儿惊风；夜啼；热盛动风；子痫；肝阳眩晕；肝火头胀痛。,https://sys01.lib.hkbu.edu.hk/cmed/mmid/images/B00133.jpg,平肝息风药
石决明,动物类,鲍科动物杂色鲍 (光底海决) Haliotis diversicolor Reeve 、皱纹盘鲍 (毛底海决) Haliotis discus hannai Ino 、羊鲍 (大海决) Haliotis ovina Gmelin 、澳洲鲍Haliotis ruber (Leach) 、耳鲍Haliotis asinina Linnaeus 或白鲍Haliotis laevigata (Donovan) 的贝壳。夏、秋二季捕捉，去肉，洗净，干燥。,主产辽宁、山东等地。,咸，寒。,平肝潜阳，清肝明目。用于头痛眩晕，目赤翳障，视物昏花，青盲雀目。,https://sys01.lib.hkbu.edu.hk/cmed/mmid/images/B00390.jpg,平肝息风药
川牛膝,根及根茎类,苋科植物川牛膝Cyathula officinalis Kuan的干燥根。,主产四川、云贵等地。,甘、微苦，平。,逐瘀通经，通利关节，利尿通淋。用于经闭症瘕，胞衣不下，关节痹痛，足痿筋挛，尿血血淋，跌扑损伤。,https://sys01.lib.hkbu.edu.hk/cmed/mmid/images/B00045.jpg,活血化瘀药
杜仲,皮类,杜仲科植物杜仲Eucommia ulmoides Oliv.的干燥树皮。,主产贵州、四川、陕西、湖北等地。,甘，温。,补肝肾，强筋骨，安胎。治腰脊酸疼，足膝痿弱，小便余沥，阴下湿痒，胎漏欲堕，胎动不安，高血压。,https://sys01.lib.hkbu.edu.hk/cmed/mmid/images/B00344.jpg,补虚药
益母草,全草类,唇形科植物益母草Leonurus japonicus Houtt.的新鲜或干燥地上部分。,全国各地均产。,辛、苦，凉。,活血、祛淤、调经、消水。治疗妇女月经不调，胎漏难产，胞衣不下，产后血晕，瘀血腹痛，崩中漏下，尿血、泻血，痈肿疮疡。,https://sys01.lib.hkbu.edu.hk/cmed/mmid/images/B00292.jpg,活血化瘀药
桑寄生,藤木类,桑寄生科植物桑寄生Taxillus chinensis (DC.) Danser的干燥带叶茎枝。,主产福建、两广等地。,苦、甘，平。,祛风湿，益肝肾，强筋骨，安胎。,https://sys01.lib.hkbu.edu.hk/cmed/mmid/images/B00145.jpg,祛风湿药
乌药,根及根茎类,樟科植物乌药Lindera aggregata (Sims) Kosterm.的干燥块根。,主产湖南、浙江等地。,辛，温。,行气止痛，温肾散寒。,https://sys01.lib.hkbu.edu.hk/cmed/mmid/images/B00108.jpg,理气药
木香,根及根茎类,菊科植物木香Aucklandia lappa Decne.的干燥根。,主产云南、广西等地。,辛、苦，温。,行气止痛；调中导滞，温中消食。,https://sys01.lib.hkbu.edu.hk/cmed/mmid/images/B00088.jpg,理气药
小茴香,果实及种子类,伞形科植物茴香Foeniculum vulgare Mill.的干燥成熟果实。,原产欧洲，我国主产于内蒙古、甘肃、四川等地。,辛，温。,开胃进食，理气散寒，有助阳道。主治：中焦有寒，食欲减退，恶心呕吐，腹部冷痛；疝气疼痛，睾丸肿痛；脾胃气滞，脘腹胀满作痛。,https://sys01.lib.hkbu.edu.hk/cmed/mmid/images/B00215.jpg,温里药
高良姜,根及根茎类,姜科植物高良姜Alpinia officinarum Oliv.的干燥根茎及根。,主产广东、广西等地。,辛，热。,温胃散寒，消食止痛。用于脘腹冷痛，胃寒呕吐，嗳气吞酸。,https://sys01.lib.hkbu.edu.hk/cmed/mmid/images/B00062.jpg,温里药
槟榔,果实及种子类,棕榈科植物槟榔Areca catechu L.的干燥成熟种子。,主产海南、云南、广东、福建等地。,苦、辛，温。,驱虫；消积；下气；行水；截疟。虫积；食滞；脘腹胀痛；泻痢后重；脚气；水肿；疟疾。,https://sys01.lib.hkbu.edu.hk/cmed/mmid/images/B00158.jpg,驱虫药
巴豆,果实及种子类,大戟科植物巴豆Croton tiglium L.的干燥成熟果实。,主产于四川、广西、云南、贵州等地。,辛，热，有大毒。,外用蚀疮。用于恶疮疥癣，疣痣。,https://sys01.lib.hkbu.edu.hk/cmed/mmid/images/B00238.jpg,泻下药
紫菀,根及根茎类,菊科植物紫菀Aster tataricus L. f.的干燥根及根茎。,主产东北、西北地区和安徽等地。,辛、苦，温。,润肺下气，消痰止咳。用于痰多喘咳、新久咳嗽、劳嗽咳血。,https://sys01.lib.hkbu.edu.hk/cmed/mmid/images/B00128.jpg,化痰止咳平喘药
百部,根及根茎类,百部科植物直立百部Stemona sessilifolia (Miq.) Miq.、蔓生百部Stemona japonica (Bl.) Miq. 或对叶百部Stemona tuberosa Lour.的干燥块根。,主产湖北、广西、云南、四川等地。,甘、苦，微温。,润肺下气止咳，杀虫。用于新久咳嗽，肺痨咳嗽，百日咳；外用于头虱，体虱，蛲虫病，阴部骚痒。,https://sys01.lib.hkbu.edu.hk/cmed/mmid/images/B00022.jpg,化痰止咳平喘药
白前,根及根茎类,萝藦科植物柳叶白前Cynanchum stauntonii (Decne.) Schltr. ex Levl.的干燥根茎及根。,主产河南、辽宁、河北、山西、山东、陕西、新疆等北方地区。,辛、苦，微温。,降气化痰，止咳。用于咳嗽痰多，气喘。该品性微温而不燥烈，长于祛痰，降肺气以平咳喘，无论属寒属热，外感内伤，新嗽久咳均可用之。,https://sys01.lib.hkbu.edu.hk/cmed/mmid/images/B00025.jpg,化痰止咳平喘药
赤芍,根及根茎类,毛茛科植物芍药Paeonia lactiflora Pall.的干燥根茎。,主产东北、内蒙古等地。,苦，微寒。,清热凉血、散瘀止痛的功能。生赤芍以清热凉血力胜。多用于温病热入血分的身热出血，目赤肿痛，痈肿疮毒。,https://sys01.lib.hkbu.edu.hk/cmed/mmid/images/B00041.jpg,清热药
天花粉,根及根茎类,葫芦科植物栝楼Trichosanthes kirilowii Maxim.的干燥根。,主产河北、山东、陕西、山西等地。,甘、微苦，微寒。,清热泻火，生津止渴，排脓消肿。治热病口渴、消渴、黄疸、肺燥咳血、痈肿、痔痿。对于治疗糖尿病，常用它与滋阴药配合使用，以达到标本兼治的作用。,https://sys01.lib.hkbu.edu.hk/cmed/mmid/images/B00104.jpg,清热药
皂角刺,藤木类,本品为豆科植物皂荚Gleditsia sinensis Lam.的干燥棘刺。,主产于江苏、湖北、河北、山西、河南、山东等地。,辛，温。,消肿托毒，排脓，杀虫。用于痛疽初起或脓成不溃；外治疥癣麻风。,https://sys01.lib.hkbu.edu.hk/cmed/mmid/images/B00151.jpg,清热药
金银花,花类,忍冬科植物忍冬Lonicera japonica Thunb. 的干燥花蕾或待初开的花朵。,主产河南、山东等地。,甘，寒。,宣散风热，清热解毒。用于各种热性病，如身热、发疹、发斑、热毒疮痈、咽喉肿痛等证。,https://sys01.lib.hkbu.edu.hk/cmed/mmid/images/B00305.jpg,清热药
玉竹,根及根茎类,百合科植物玉竹Polygonatum odoratum (Mill.) Druce的干燥根茎。,主产湖南、河南、江苏、浙江等地。,甘，平。,滋阴润肺；养胃生津。燥咳；劳嗽；热病阴液耗伤之咽干口渴；内热消渴；阴虚外感；头昏眩晕；筋脉挛痛。,https://sys01.lib.hkbu.edu.hk/cmed/mmid/images/B00122.jpg,补虚药
白薇,根及根茎类,萝藦科植物白薇Cynanchum atratum Bge.的干燥根及根茎。,主产辽宁、河北、河南、山东、山西、安徽等地。,味苦、咸，寒。,清热凉血，利尿通淋，解毒疗疮。用于温邪伤营发热，阴虚发热，骨蒸劳热，产后血虚发热，热淋，血淋，痈疽肿毒。,https://sys01.lib.hkbu.edu.hk/cmed/mmid/images/B00030.jpg,清热药
淡豆豉,果实及种子类,豆科植物大豆Glycine max (L.) Merr.的成熟种子的发酵加工品。,各地均产。,辛、甘、微苦，寒。,解肌发表；宣郁除烦。主治外感表证；寒热头痛；心烦；胸闷；虚烦不眠。,https://sys01.lib.hkbu.edu.hk/cmed/mmid/images/B00168.jpg,解表药
紫苏叶,叶类,唇形科植物紫苏Perilla frutescens (L.) Britt.的干燥叶。,主产于江苏、浙江、河南、河北、湖北等地。,辛，微温。,发表，散寒，理气，和营。治感冒风寒，恶寒发热，咳嗽，头痛无汗，气喘，胸腹胀满，呕恶腹泻，咽中梗阻，妊娠恶阻，胎动不安。并能解鱼蟹毒。,https://sys01.lib.hkbu.edu.hk/cmed/mmid/images/B00338.jpg,解表药
菟丝子,果实及种子类,旋花科植物菟丝子Cuscuta chinensis Lam.的干燥成熟种子。,主产江苏、河北、吉林等地。,甘，温。,补肾益精、养肝明目、固胎止泄。,https://sys01.lib.hkbu.edu.hk/cmed/mmid/images/B00209.jpg,补虚药
肉桂,皮类,樟科植物肉桂Cinnamomum cassia Presl的干燥树皮。,主产广东、广西、福建、海南等地。,辛、甘，大热。,补火助阳，引火归源，散寒止痛，活血通经。暖脾胃，除积冷，通血脉。治命门火衰，肢冷脉微，亡阳虚脱，腹痛泄泻，寒疝奔豚，腰膝冷痛，经闭症瘕，阴疽，流注，及虚阳浮越，上热下寒。,https://sys01.lib.hkbu.edu.hk/cmed/mmid/images/B00351.jpg,温里药
肉豆蔻,果实及种子类,肉豆蔻科植物肉豆蔻Myristica fragrans Houtt.的干燥种仁。,主产马来西亚、印尼、斯里兰卡等地，我国广东、广西、云南亦有栽培。,辛、苦，温。,温中涩肠；行气消食。用于虚泻；冷痢；脘腹胀痛；食少呕吐；宿食不消。,https://sys01.lib.hkbu.edu.hk/cmed/mmid/images/B00201.jpg,收涩药
补骨脂,果实及种子类,豆科植物补骨脂Psoralea corylifolia L.的干燥成熟果实。,主产于河南、四川、安徽等地。,辛、苦，温。,补肾助阳；纳气平喘；温脾止泻。主肾阳不足；下元虚冷；腰膝冷痛；阳痿遗精；尿频；遗尿；肾不纳气；虚喘不止；脾肾两虚；大便久泻；白癜风；斑秃；银屑病。,https://sys01.lib.hkbu.edu.hk/cmed/mmid/images/B00159.jpg,补虚药
吴茱萸,果实及种子类,芸香科植物吴茱萸Evodia rutaecarpa (Juss.) Benth.的干燥近成熟果实。,主产云贵地区以及湖南等地。,辛、苦，热，有小毒。,散寒止痛、降逆止呕。用于治疗肝胃虚寒、阴浊上逆所致的头痛或胃脘疼痛等症。,https://sys01.lib.hkbu.edu.hk/cmed/mmid/images/B00212.jpg,温里药
牛膝,根及根茎类,苋科植物牛膝Achyranthes bidentata Bl.的干燥根。,主产河南、河北、山东、山西等地。,味苦；酸；性平。,补肝肾；强筋骨；活血通经；引火 (血) 下行；利尿通淋。主治腰膝酸痛；下肢痿软；血滞经闭；痛经；产后血瘀腹痛；症瘕；胞衣不下；热淋；血淋；跌打损伤；痈肿恶疮；咽喉肿痛。,https://sys01.lib.hkbu.edu.hk/cmed/mmid/images/B00016.jpg,活血化瘀药
黄芪,根及根茎类,豆科植物蒙古黄芪Astragalus membranaceus (Fisch.) Bge. var. mongholicus (Bge.) Hsiao、膜荚黄芪Astragalus membranaceus (Fisch.) 的干燥根。,主产内蒙古、山西、河北等地。,甘，温。,补气固表，利尿托毒，排脓，敛疮生肌的功效。用于气虚乏力，食少便溏，中气下陷，久泻脱肛，便血崩漏，表虚自汗，痈疽难溃，久溃不敛，血虚萎黄，内热消渴。,https://sys01.lib.hkbu.edu.hk/cmed/mmid/images/B00071.jpg,补虚药
天南星,根及根茎类,天南星科植物天南星Arisaema erubescens (Wall.) Schott或异叶天南星Arisaema heterophyllum Bl.的干燥块茎。,主产安徽、江苏、河南、河北等地。,苦、辛，温，有毒。,燥湿化痰，祛风定惊，消肿散结。主治中风半身不遂、癫痫、惊风、破伤风、跌打损伤、或虫蚁咬伤等病症。,https://sys01.lib.hkbu.edu.hk/cmed/mmid/images/B00106.jpg,化痰止咳平喘药
白附子,根及根茎类,天南星科植物独角莲Typhonium giganteum Engl.的干燥块茎。,主产甘肃、河南、湖北等地。,味辛、甘，性温，有毒。,燥湿化痰，祛风止痉，解毒散结止痛。,https://sys01.lib.hkbu.edu.hk/cmed/mmid/images/B00023.jpg,化痰止咳平喘药
赤小豆,果实及种子类,豆科植物赤小豆Phaseolus calcaratus Roxb.的干燥成熟种子。,主产于湖南、江西、广东、浙江等地。,甘、酸，平。,利水除湿，和血排脓，消肿解毒。治水肿，脚气，黄疸，泻痢，便血，痈肿。,https://sys01.lib.hkbu.edu.hk/cmed/mmid/images/B00164.jpg,清热药
茵陈,全草类,菊科植物茵陈蒿Artemisia capillaris Thunb.或滨蒿Artemisia scoparia Waldst. et Kit.的干燥地上部分。春季采收的吸光成为“绵茵陈”。秋季采割的则称为“茵陈蒿”。,主产安徽、陕西、山西等地。,苦、辛，微寒。,清热利湿；退黄。主治：黄疸、小便不利、湿疮瘙痒、传染性黄疸型肝炎。,https://sys01.lib.hkbu.edu.hk/cmed/mmid/images/B00293.jpg,利水渗湿药
石菖蒲,根及根茎类,天南星科植物石菖蒲Acorus tatarinowii Schott.的干燥根茎。,主产江苏、江西、四川、浙江等地。,辛、苦，温。,化湿开胃，开窍豁痰，醒神益智。用于脘痞不饥，噤口下痢，神昏癫痫，健忘耳聋。,https://sys01.lib.hkbu.edu.hk/cmed/mmid/images/B00102.jpg,开窍药
广藿香,全草类,唇形科植物广藿香Pogostemon cablin (Blanco) Benth.的干燥地上部分。,主产广东广州、遂溪等地。,辛，微温。,芳香化湿；和胃止呕；祛暑解表。主湿阻中焦之脘腹痞闵；食欲不振；呕吐；泄泻；外感暑湿之寒热头痛；湿温初起的发热身困；胸闵恶心；鼻渊；手足癣 。,https://sys01.lib.hkbu.edu.hk/cmed/mmid/images/B00269.jpg,化湿药
连翘,果实及种子类,木犀科植物连翘Forsythia suspensa (Thunb.) Vahl 的干燥果实。果实初熟尚带绿色时采收称为青翘，果实熟透颜色发黄时采收称为黄翘。,主产河南、山西、陕西等地。,苦、微寒。,清热解毒，消肿散结，疏散风热，有“疮家圣药”之称。治温热，丹毒，斑疹，痈疡肿毒，瘰疬，小便淋闭，清心火。,https://sys01.lib.hkbu.edu.hk/cmed/mmid/images/B00190.jpg,清热药
射干,根及根茎类,鸢尾科植物射干Belamcanda chinensis (L.) DC.的干燥根茎。,主产湖北、江苏、河南等地。,苦，寒。,清热解毒，利咽喉，消痰涎。主治喉痹咽痛，咳逆上气，痰涎壅盛，瘰疬结核，疟母，妇女经闭，痈肿疮毒。,https://sys01.lib.hkbu.edu.hk/cmed/mmid/images/B00100.jpg,清热药
白头翁,根及根茎类,毛茛科植物白头翁Pulsatilla chinensis (Bge.) Regel的干燥根。,主产安徽、华北、东北以及河南等地。,味苦，性寒。,清热解毒，凉血止痢，燥湿杀虫。主治热毒痢疾，鼻衄，血痔，带下，阴痒，痈疮，瘰疬。,https://sys01.lib.hkbu.edu.hk/cmed/mmid/images/B00027.jpg,清热药
秦皮,皮类,木犀科植物苦枥白蜡树Fraxinus rhynchophylla Hance.、白蜡树Fraxinus chinensis Roxb.以及尖叶白蜡树Fraxinus szaboana Lingelsh.或宿柱白蜡树Fraxinus stylosa Lingelsh.的干燥枝皮或干皮。,主产东北地区。,苦，寒。,清热燥湿，清肝明目，收涩止痢，止带。用于热毒泻痢，带下阴痒，肝热目赤肿痛，目生翳障。,https://sys01.lib.hkbu.edu.hk/cmed/mmid/images/B00350.jpg,清热药
巴戟天,根及根茎类,茜草科植物巴戟天Morinda officinalis How.的干燥根。,主产广东、广西、福建、海南等地。,辛、甘，温。,补肾助阳；强筋壮骨；祛风除湿。用于肾虚阳痿；遗精早泄；少腹冷痛；小便不禁；宫冷不孕；风寒湿痹；腰膝酸软；风湿肢气。,https://sys01.lib.hkbu.edu.hk/cmed/mmid/images/B00033.jpg,补虚药
石斛,全草类,兰科植物金钗石斛Dendrobium nobile Lindl.以及铁皮石斛Dendrobium officinale Kimura et Migo、马鞭石斛Dendrobium fimbriatum Hook. var. oculatum Hook.的新鲜或干燥茎。,主产于广西、云南、浙江、贵州等地。,甘，微寒。,养阴清热，益胃生津。用于热伤津液，低热烦渴，舌红少苔；胃阴不足，口渴咽干，呕逆少食，胃脘隐痛，舌光少苔；肾阴不足，视物昏花。,https://sys01.lib.hkbu.edu.hk/cmed/mmid/images/B00285.jpg,补虚药
肉苁蓉,全草类,列当科植物肉苁蓉Cistanche deserticola Y. C. Ma、管花肉苁蓉Cistanche tubulosa (Schrenk) Wight的干燥带鳞叶的肉质茎。,主产于内蒙古、新疆、陕西等地。,甘、咸，温。,具有补肾阳，益精血，润肠通便的功效。主治肾阳虚衰，精血亏损，阳痿，遗精，腰膝冷痛，耳鸣目花，带浊，尿频，月经愆期，崩漏，不孕不育，肠燥便秘。,https://sys01.lib.hkbu.edu.hk/cmed/mmid/images/B00283.jpg,补虚药
牛黄,动物类,牛科动物牛Bos Taurus domesticus Gmelin的干燥胆结石。宰牛时如发现有牛黄，则滤去胆汁，将牛黄取出，除去外部薄膜，阴干。,主产于北京、天津、甘肃、内蒙古等地。,甘，凉。,清心，豁痰，开窍，凉肝，息风，解毒。用于热病神昏，中风痰迷，惊痫抽搐，癫痫发狂，咽喉肿痛，口舌生疮，痈肿疔疮。,https://sys01.lib.hkbu.edu.hk/cmed/mmid/images/B00384.jpg,平肝息风药
郁金,根及根茎类,姜科植物温郁金Curcuma wenyujin Y. H. et C. Ling、姜黄Curcuma longa L.、广西莪术Curcuma kwangsiensis S. G. Lee et C. F. Liang或蓬莪术Curcuma phaeocaulis Val.的干燥块根。前两者分别习称“温郁金”和“黄丝郁金”，其余按性状不同习称“桂郁金”或“绿丝郁金”。,主产浙江瑞安。,辛、苦，寒。,行气化瘀，清心解郁，利胆退黄。用于经闭痛经，胸腹胀痛、刺痛，热病神昏，癫痫发狂，黄疸尿赤。,https://sys01.lib.hkbu.edu.hk/cmed/mmid/images/B00120.jpg,活血化瘀药
朱砂,矿物类,硫化物类矿物辰砂族辰砂，主要含硫化汞 (HgS) 。,主产四川、贵州、湖南、广西等地。,甘，微寒，有小毒。,清心镇惊，安神解毒，用于心悸易惊，失眠多梦，癫痫发狂，小儿惊风视物昏花，口疮，喉痹，疮疡肿毒。,https://sys01.lib.hkbu.edu.hk/cmed/mmid/images/B00409.jpg,安神药
雄黄,矿物类,硫化物类矿物雄黄族雄黄，主成分为二硫化砷 (As2S2) 。,主产于贵州、湖南、湖北等地。,辛，温，有毒。,解毒杀虫，燥湿祛痰，截疟。用于痈肿疔疮，蛇虫咬伤，虫积腹痛，惊痫，疟疾。,https://sys01.lib.hkbu.edu.hk/cmed/mmid/images/B00406.jpg,攻毒杀虫止痒药
水牛角,动物类,牛科动物水牛Bubalus bubalis Linnaeus的角。取角后，水煮，除去角塞干燥。,长江以南各地均产。,苦、咸，寒。,清热，凉血，定惊，解毒。治伤寒温疫热入血分，惊狂，烦躁，谵妄，斑疹，发黄，吐血，衄血，下血，痈疽肿毒。,https://sys01.lib.hkbu.edu.hk/cmed/mmid/images/B00391.jpg,清热药
冰片,其他类,松节油、樟脑等为原料的加工合成品。商品分为梅花冰片、机制冰片和艾片三种。,主产广东、湖南、江苏、天津等地。,辛、苦，微寒。,开窍醒神，清热止痛。用于热病神昏、痉厥，中风痰厥，气郁暴厥，中恶昏迷，目赤，口疮，咽喉肿痛，耳道流脓。,https://sys01.lib.hkbu.edu.hk/cmed/mmid/images/B00415.jpg,开窍药
麝香,动物类,鹿科动物林麝Moschus berezovskii Flerov、马麝Moschus sifanicus Przewalski或原麝Moschus moschiferus Linnaeus 成熟雄体香囊中的干燥分泌物。野麝多在冬季至次春猎取，猎获后，割取香囊，阴干，习称“毛壳麝香”；剖开香囊，除去囊壳，习称“麝香仁”。家麝直接从其香囊中取出麝香仁，阴干或用干燥器密闭干燥。,主产西藏、四川、云南等地。,辛，温。,开窍醒神，活血通经，消肿止痛。用于热病神昏，中风痰厥，气郁暴厥中恶昏迷，经闭，癓瘕，难产死胎，心腹暴痛，痈肿瘰疬，咽喉肿痛，跌扑伤痛，痹痛麻木。,https://sys01.lib.hkbu.edu.hk/cmed/mmid/images/B00389.jpg,开窍药
百合,叶类,百合科植物卷丹Lilium lancifolium Thunb.、百合Lilium brownii F. E. Brown var. viridulum Baker 或细叶百合Lilium pumilum DC. 的干燥肉质鳞叶。,主产于四川、云南、贵州、湖南、湖北、陕西等地区。,甘，寒。,养阴润肺，清心安神。用于阴虚久咳，痰中带血，虚烦惊悸，失眠多梦，精神恍惚。,https://sys01.lib.hkbu.edu.hk/cmed/mmid/images/B00340.jpg,补虚药
红花,花类,菊科植物红花Carthamus tinctorius L.的干燥花。夏季花由黄变红时采摘，阴干或晒干。,主产于河南、湖北、四川、云南、浙江等地。,辛，温。,活血通经，散瘀止痛，用于闭经，痛经，恶露不行，症瘕痞块，胸痹心痛，痴滞腹痛，胸胁刺痛，跌扑损伤，疮疡肿痛。,https://sys01.lib.hkbu.edu.hk/cmed/mmid/images/B00319.jpg,活血化瘀药
枳壳,果实及种子类,芸香科植物酸橙Citrus aurantium L.及其栽培变种的干燥未成熟果实。,主产四川、湖南、江西等地。,辛、苦、酸，温。,理气宽中，行滞消胀。,https://sys01.lib.hkbu.edu.hk/cmed/mmid/images/B00222.jpg,理气药
前胡,根及根茎类,伞形科植物白花前胡Peucedanum praeruptorum Dunn和紫花前胡Peucedanum decursivum (Miq.) Maxim.的干燥根。,主产浙江、四川、湖南等地。,辛、苦，微寒。,宣散风热，降气化痰。用于治疗风热感冒、咳嗽痰多、咯痰黄稠等症。,https://sys01.lib.hkbu.edu.hk/cmed/mmid/images/B00093.jpg,化痰止咳平喘药
防己,根及根茎类,防己科植物粉防己Stephania tetrandra S. Moore的干燥根。,主产湖南、湖北、江西、安徽等地。,苦，寒。,利水消肿，祛风止痛。主治水肿脚气，小便不利，湿疹疮毒，风湿痹痛，高血压症。一般认为，汉防己利水消肿作用较强，木防己祛风止痛作用较好。,https://sys01.lib.hkbu.edu.hk/cmed/mmid/images/B00055.jpg,祛风湿药
海螵蛸,动物类,乌贼科动物无针乌贼Sepiella maindroni de Rochebrune 或金乌贼Sepia esculenta Hoyle的干燥内壳。收集乌贼鱼的骨状内壳，洗净，干燥。,主产于山东沿海地区。,咸、涩，温。,收敛止血，涩精止带，制酸，敛疮。用于胃痛吞酸，吐血衄血，崩漏便血，遗精滑精，赤白带下；溃疡病。外治损伤出血，疮多脓汁。,https://sys01.lib.hkbu.edu.hk/cmed/mmid/images/B00378.jpg,收涩药
五倍子,其他类,漆树科植物盐肤木Rhus chinensis Mill.、青麸杨Rhus potaninii Maxim. 或红麸杨Rhus pun-jabensis Stew. var. sinica (Diels) Rehd. et Wils.叶上的虫瘿，主要由五倍子蚜Melaphis chinensis (Bell) Baker寄生而形成。秋季采摘，置沸水中略煮或蒸至表面呈灰色，杀死蚜虫，取出，干燥。按外形不同，分为“肚倍”和“角倍”。,主产四川、云南、贵州等地。,酸、涩，寒。,敛肺；止汗；涩肠；固精；止血；解毒。主治肺虚久咳；自汗盗汗；久痢久泻；脱肛；遗精；白浊；各种出血；痈肿疮疖。,https://sys01.lib.hkbu.edu.hk/cmed/mmid/images/B00419.jpg,收涩药
椿皮,皮类,苦木科植物臭椿Ailanthus altissima (Mill.) Wingle的干燥根皮或干皮。,主产华北地区以及浙江等地。,苦、涩，寒。,清热燥湿，收涩止带，止泻，止血。用于赤白带下，湿热泻痢，久泻久痢，便血，崩漏。,https://sys01.lib.hkbu.edu.hk/cmed/mmid/images/B00342.jpg,收涩药
香附,根及根茎类,莎草科植物莎草Cyperus rotundus L.的干燥根茎。,主产湖南、浙江、山东等地。,辛、微苦、微甘，平。,理气解郁，调经止痛。用于肝郁气滞，胸、胁、脘腹胀痛，消化不良，月经不调，经闭痛经，寒疝腹痛，乳房胀痛。,https://sys01.lib.hkbu.edu.hk/cmed/mmid/images/B00109.jpg,理气药
白果,果实及种子类,银杏科植物银杏Ginkgo biloba L.的干燥成熟种子。,主产广西、四川、湖北、江苏等地。,甘、苦、涩，平，有小毒。,敛肺定喘；止带缩尿。哮喘痰嗽；白带；白浊；遗精；尿频；无名肿毒； 皶鼻。,https://sys01.lib.hkbu.edu.hk/cmed/mmid/images/B00153.jpg,化痰止咳平喘药
僵蚕,动物类,蚕蛾科昆虫家蚕Bombyx mori L. 4~5龄的幼虫感染 (或人工接种) 白僵菌Beauveria bassiana (Bals.) Vuill.而致死的干燥虫体。多于春、秋季生产，将感染白僵菌病死的蚕干燥。,主产广东、江苏、浙江、四川等地。,咸、辛，平。,祛风定惊，化痰散结。用于惊风抽搐，咽喉肿痛，颌下淋巴结炎，面神经麻痹，皮肤瘙痒。,https://sys01.lib.hkbu.edu.hk/cmed/mmid/images/B00379.jpg,平肝息风药
全蝎,动物类,钳蝎科动物东亚钳蝎Buthus martensii Karsch 的干燥体。春末至秋初捕捉，除去泥沙，置沸水或沸盐水中，煮至全身僵硬，捞出，置通风处，阴干。,主产河南、山东等地。,辛，平，有毒。,息风镇痉，攻毒散结，通络止痛。用于小儿惊风，抽搐痉挛，中风口歪，半身不遂，破伤风，风湿顽痹，偏正头痛，疮疡，瘰疬。,https://sys01.lib.hkbu.edu.hk/cmed/mmid/images/B00386.jpg,平肝息风药
芡实,果实及种子类,睡莲科植物芡Euryale ferox Salisb. 的干燥成熟种仁。,主产于江苏、湖南、湖北、山东等地。,甘、涩。平。,益肾固精，补脾止渭，除湿止带。用于遗精滑精，遗尿尿频，脾虚久泻，自浊，带下。,https://sys01.lib.hkbu.edu.hk/cmed/mmid/images/B00232.jpg,收涩药
藁本,根及根茎类,伞形科植物藁本Ligusticum sinense Oliv.的干燥根茎及根。,主产四川、湖北、湖南、江西。,辛，温。,祛风，散寒，除湿，止痛。用于风寒感冒，巅顶疼痛，风湿肢节痹痛。,https://sys01.lib.hkbu.edu.hk/cmed/mmid/images/B00061.jpg,解表药
蔓荆子,果实及种子类,马鞭草科植物单叶蔓荆Vitex trifolia L. var. simplicifolia Cham. 或蔓荆Vitex trifolia L.的干燥成熟果实。,主产江西、浙江、山东等地。,辛、苦，微寒。,疏散风热，清利头目。用于风热感冒头痛，齿龈肿痛，目赤多泪，目暗不明，头晕目眩。,https://sys01.lib.hkbu.edu.hk/cmed/mmid/images/B00194.jpg,解表药
延胡索,根及根茎类,罂粟科植物延胡索Corydalis yanhusuo W. T.Wang 的干燥块茎。,主产浙江。,辛、苦，温。,活血散瘀，行气止痛。主治胸痹心痛，胁肋、脘腹诸痛，头痛、腰痛、疝气痛、筋骨痛、痛经、经闭，产后瘀腹痛，跌打损伤。,https://sys01.lib.hkbu.edu.hk/cmed/mmid/images/B00117.jpg,活血化瘀药
青蒿,全草类,菊科植物黄花蒿Artemisia annua L.的干燥地上部分。,全国各地均产。,苦、辛，寒。,清透虚热，凉血除蒸，除蒸，截疟。用于暑邪发热，阴虚发热，夜热早凉，骨蒸劳热，疟疾寒热，湿热黄疸。,https://sys01.lib.hkbu.edu.hk/cmed/mmid/images/B00281.jpg,清热药
山楂,果实及种子类,蔷薇科植物山里红Crataegus pinnatifida Bge. var. major N. E. Br.或山楂Crataegus pinnatifida Bge.的干燥成熟果实。,主产河南、河北、山东等地。,甘、酸，微温。,开胃消食、化滞消积、活血散瘀、化痰行气。用于肉食滞积、症瘕积聚、腹胀痞满、瘀阻腹痛、痰饮、泄泻、肠风下血等。,https://sys01.lib.hkbu.edu.hk/cmed/mmid/images/B00203.jpg,消食药
草豆蔻,果实及种子类,姜科植物草豆蔻Alpinia katsumadai Hayata 的干燥近成熟种子。,主产广东、广西、海南等地。,辛，温。,化湿消痞，行气温中，开胃消食。用于湿浊中阻，不思饮食，湿温初起胸闷不饥，寒湿呕逆，胸腹胀痛，食积不消。,https://sys01.lib.hkbu.edu.hk/cmed/mmid/images/B00160.jpg,化湿药
青黛,其他类,爵床科植物马蓝Baphicacanthus cusia (Nees) Bremek.、蓼科植物蓼蓝Polygonum tinctorium Ait或十字花科植物菘蓝Isatis indigotica Fort.的叶或茎叶经加工制得的干燥粉末或团块。,主产福建、河北、云南等地。,咸，寒。,清热，凉血消斑，解毒，清肝泻火，定惊。主治温病热盛，斑疹，吐血咯血，小儿惊痫，疮肿，丹毒，蛇虫咬伤。,https://sys01.lib.hkbu.edu.hk/cmed/mmid/images/B00413.jpg,清热药
诃子,果实及种子类,使君子科植物诃子Terminalia chebula Retz. 的干燥成熟果实。,主产广东、广西、云南等地。,苦、酸、涩，平。,敛肺；涩肠；下气；利咽，清凉解毒。主治久泻；久痢；脱肛；喘咳痰嗽；久咳失音。,https://sys01.lib.hkbu.edu.hk/cmed/mmid/images/B00180.jpg,收涩药
香薷,全草类,唇形科植物石香薷Mosla chinensis Maxim.以及香薷变种江香薷Mosla chinensis ‘Jiangxiangru’的干燥地上部分。,主产福建、湖南、广东、广西等地。,辛、甘，温。,发汗解暑，行水散湿，温胃调中。主治：夏月感寒饮冷，头痛发热，恶寒无汗，胸痞腹痛，呕吐腹泻，水肿，脚气。,https://sys01.lib.hkbu.edu.hk/cmed/mmid/images/B00289.jpg,解表药
白扁豆,果实及种子类,豆科植物白扁豆Dolichos lablab L.的干燥成熟种子。,主产于安徽、陕西、湖南、河南等地。,甘，微温。,补脾和中，化湿消暑。用于脾胃虚弱、食欲不振、大便溏泻、白带过多、暑湿吐泻、胸闷腹胀。,https://sys01.lib.hkbu.edu.hk/cmed/mmid/images/B00152.jpg,补虚药
桑叶,叶类,桑科植物桑Morus alba L.的干燥叶。,主产江苏、浙江、安徽、四川等地。,甘、苦，寒。,疏散风热，清肺润燥，平抑肝阳，清肝明目，凉血止血。,https://sys01.lib.hkbu.edu.hk/cmed/mmid/images/B00334.jpg,解表药
北沙参,根及根茎类,伞形科植物珊瑚菜Glehnia littoralis Fr. Schmidt ex Miq.的干燥根。,主产于山东、江苏、河北、辽宁等地。,甘，微苦，微寒。,养阴清肺，益胃生津。用于肺热燥咳、劳嗽痰血、热病津伤口渴。,https://sys01.lib.hkbu.edu.hk/cmed/mmid/images/B00004.jpg,补虚药
菊花,花类,菊科植物菊Chrysanthemum morifolium Ramat.的干燥头状花序。按产地和加工方法不同分为“杭菊”、“亳菊”、“贡菊”、“滁菊”。,主产于浙江、安徽等地。,苦，微寒。,清热解毒，平肝明目；疏风散热。,https://sys01.lib.hkbu.edu.hk/cmed/mmid/images/B00306.jpg,解表药
野菊花,花类,菊科植物野菊Chrysanthemum indicum L.的干燥头状花序。,主产于安徽、江苏、江西等地。,苦、辛，微寒。,清热解毒，消肿。对金黄色葡萄球菌、白喉杆菌、链球菌、绿脓杆菌、蒺疾杆菌、流感病毒，均有抑制作用。,https://sys01.lib.hkbu.edu.hk/cmed/mmid/images/B00316.jpg,清热药
芦根,根及根茎类,禾本科植物芦苇Phragmites communis Trin.的新鲜或干燥根茎。,主产安徽、浙江、湖北、江苏等地。,甘，寒。,清热生津，除烦，止呕，利尿。用于热病烦渴、胃热呕吐、肺热咳嗽、肺痈吐脓、热淋涩痛。,https://sys01.lib.hkbu.edu.hk/cmed/mmid/images/B00083.jpg,清热药
桑螵蛸,动物类,螳螂科昆虫大刀螂Tenodera sinensis Saussure、小刀螂Statilia maculata (Thunberg) 或巨斧螳螂Hierodula patellifera (Serville) 的干燥卵鞘。以上三种分别习称“团螵蛸”、“长螵蛸”及“黑螵蛸”。深秋至次春采收，除去杂质，蒸至虫卵死后，干燥。,全国大部分地区均产。,甘、咸，平。,益肾固精，缩尿，止浊。用于遗精滑精，遗尿尿频，小便白浊。,https://sys01.lib.hkbu.edu.hk/cmed/mmid/images/B00387.jpg,收涩药
蝉蜕,动物类,蝉科昆虫黑蚱Cryptotympana pustulata Fabricius的幼虫羽化时脱落的皮壳。夏、秋二季收集，除去泥沙，晒干。,主产于河南、河北、江苏、四川、山东等地。,甘，寒。,散风除热，利咽，透疹，退翳，解痉。用于风热感冒，咽痛，音哑，麻疹不透，风疹瘙痒，目赤翳障，惊风抽搐，破伤风。,https://sys01.lib.hkbu.edu.hk/cmed/mmid/images/B00370.jpg,解表药
苦参,根及根茎类,豆科植物苦参Sophora flavescens Ait.的干燥根。,主产河南、河北、山西等地。,苦，寒。,清热燥湿；祛风杀虫。主湿热泻痢；肠风便血；黄疸；小便不利；水肿；带下；阴痒；疥癣；麻风；皮肤瘙痒；湿毒疮疡 。,https://sys01.lib.hkbu.edu.hk/cmed/mmid/images/B00018.jpg,清热药
牛蒡子,果实及种子类,菊科植物牛蒡Arctium lappa L.的干燥成熟果实。,主产河北，吉林、辽宁、浙江、黑龙江等地。,辛、苦，寒。,疏散风热，宣肺透疹，解毒利咽。用于风热感冒，咳嗽痰多，麻疹，风疹，咽喉肿痛，痄腮丹毒，痈肿疮毒。,https://sys01.lib.hkbu.edu.hk/cmed/mmid/images/B00251.jpg,解表药
花椒,果实及种子类,芸香科植物花椒Zanthoxylum bungeanum Maxim.的干燥成熟果皮。,主产于四川、陕西、河北、山东等地。,辛，温，有小毒。,温中止痛、杀虫止痒的功能。生花椒有小毒，辛温之性甚强，外用杀虫止痒作用佳。用于疥疮、湿疹或皮肤瘙痒。,https://sys01.lib.hkbu.edu.hk/cmed/mmid/images/B00182.jpg,温里药
砂仁,果实及种子类,姜科植物阳春砂Amomum villosum Lour. 、绿壳砂Amomum villosum Lour. var. xanthioides T. L. Wu et Senjen 或海南砂Amomum longiligulare T. L. Wu 的干燥成熟果实。,阳春砂仁主产广东、广西等地。进口砂仁主产越南、泰国、缅甸、印度尼西亚等地。,辛，温。,化湿开胃，温脾止泻，理气安胎。用于湿浊中阻，脘痞不饥，脾胃虚寒，呕吐泄泻，妊娠恶阻，胎动不安。,https://sys01.lib.hkbu.edu.hk/cmed/mmid/images/B00254.jpg,化湿药
麦芽,果实及种子类,禾本科植物大麦Hordeum vulgare L. 的成熟果实经发芽处理后的干燥品。,全国各地均产。,甘，平。,行气消食，健脾开胃，退乳消胀。用于食积不消，脘腹胀痛，脾虚食少，乳汗郁积，乳房胀痛，妇女断乳，生麦芽健脾和胃通乳。用于脾虚食少，乳汗郁积。,https://sys01.lib.hkbu.edu.hk/cmed/mmid/images/B00193.jpg,消食药
莲子,果实及种子类,睡莲科植物莲Nelumbo nucifera Gaertn. 的干燥成熟种子。除去莲心者称莲肉。,主产湖南、湖北、福建、江苏、浙江、江西等地。,甘、涩，平。,补脾止泻，益肾涩精，养心安神。用于脾虚久泻，遗精带下，心悸失眠。,https://sys01.lib.hkbu.edu.hk/cmed/mmid/images/B00245.jpg,收涩药
旋覆花,花类,菊科植物旋覆花Inula japonica Thunb.或欧亚旋覆花Inula britannica L.的干燥头状花序。,主产东北、华北、西北及浙江、江苏、四川、广东。,苦，辛、咸，微温。,降气，消痰，行水，止呕。用于风寒咳嗽，痰饮蓄结，胸膈痞满，喘咳痰多，呕吐噫气，心下痞硬。,https://sys01.lib.hkbu.edu.hk/cmed/mmid/images/B00322.jpg,化痰止咳平喘药
赭石,矿物类,赭石是氧化物类矿物刚玉族赤铁矿，主含三氧化二铁 (Fe2O3) 。,主产陕西、广东、河北等地。,苦，寒。,平肝潜阳，降逆，止血。用于眩晕耳鸣，呕吐，噫气，呃逆，喘息，吐血，衄血，崩漏下血。,https://sys01.lib.hkbu.edu.hk/cmed/mmid/images/B00408.jpg,平肝息风药
银柴胡,根及根茎类,石竹科植物银柴胡Stellaria dichotoma L. var. lanceolata Bge.的干燥根。,主产甘肃、宁夏、陕西、内蒙古等地。,甘，微寒。,清热凉血。治虚劳骨蒸，阴虚久疟，小儿瘠热羸瘦。,https://sys01.lib.hkbu.edu.hk/cmed/mmid/images/B00118.jpg,清热药
胡黄连,根及根茎类,玄参科植物胡黄连Picrorhiza scrophulariiflora Pennell的干燥根茎。,主产西藏、四川、云南等地。,苦，寒。,清热，凉血，燥湿。 阴虚骨蒸；潮热盗汗；小儿疳疾；湿热泻痢；黄疸；吐血；衄血；目赤肿痛；痈肿疮疡；痔疮肿毒。,https://sys01.lib.hkbu.edu.hk/cmed/mmid/images/B00073.jpg,清热药
地骨皮,皮类,茄科植物枸杞Lycium chinense Mill.或宁夏枸杞Lycium barbarum L.的干燥根皮。,主产宁夏、甘肃、河南、河北等地。,甘，寒。,凉血除蒸，清肺降火。用于阴虚潮热、骨蒸盗汗、肺热咳嗽、咯血、衄血。,https://sys01.lib.hkbu.edu.hk/cmed/mmid/images/B00343.jpg,清热药
西洋参,根及根茎类,五加科植物西洋参Panax quinquefolium L.的干燥根。,主产加拿大、美国等地。,甘、微苦，微寒。,补气养阴，清热生津。用于气虚阴亏，内热，咳喘痰血，虚热烦倦，消渴，口燥咽干。西洋参有抗疲劳、抗氧化、抗应激、抑制血小板聚集、降低血液凝固性的作用，另外，对糖尿病患者还有调节血糖的作用。,https://sys01.lib.hkbu.edu.hk/cmed/mmid/images/B00113.jpg,补虚药
丝瓜络,果实及种子类,葫芦科植物丝瓜Luffa cylindrica (L.) Roem.的干燥成熟果实的维管束。,各地均产，浙江慈溪和江苏所产质量最佳。,甘，平。,通络，活血，祛风。用于痹痛拘挛、胸胁胀痛、乳汁不通。,https://sys01.lib.hkbu.edu.hk/cmed/mmid/images/B00206.jpg,祛风湿药
枇杷叶,叶类,蔷薇科植物枇杷Eriobotrya japonica (Thunb.) Lindl.的干燥叶。,主产于长江以南各地区。,苦，微寒。,清肺止咳，降逆止呕。　肺热咳嗽，气逆喘急，胃热呕吐，哕逆。,https://sys01.lib.hkbu.edu.hk/cmed/mmid/images/B00333.jpg,化痰止咳平喘药
羚羊角,动物类,牛科动物赛加羚羊Saiga tatarica Linnaeus 的角。猎取后锯取其角，晒干。,主产于新疆、西藏、青海、内蒙古等地。,咸，寒。,平肝息风，清肝明目，散血解毒。用于高热惊痫，神昏痉厥，子痫抽搐，癫痫发狂，头痛眩晕，目赤翳障，温毒发斑，痈肿疮毒。,https://sys01.lib.hkbu.edu.hk/cmed/mmid/images/B00381.jpg,平肝息风药
竹茹,藤木类,禾本科植物青秆竹Bambusa tuldoides Munro、大头典竹Sinocalamus beecheyanus (Munro) Mc-Clure var. pubescens P. F. Li 或淡竹Phyllostachys nigra (Lodd.) Munro var. henonis (Mitf.) Stapf ex Rendle 的茎秆的干燥中间层。,主产中南、华东、西南地区。,甘，微寒。,清热化痰，除烦止呕。用于痰热咳嗽、胆火挟痰、烦热呕吐、惊悸失眠、中风痰迷、舌强不语、胃热呕吐、妊娠恶阻、胎动不安。,https://sys01.lib.hkbu.edu.hk/cmed/mmid/images/B00149.jpg,化痰止咳平喘药
稻芽,果实及种子类,禾本科植物稻Oryza sativa L.的成熟果实经发芽处理后的干燥品。,各产稻区均产。,甘，温。,消食和中，健脾开胃。用于食积不消，腹胀口臭，脾胃虚弱，不饥食少。炒稻芽偏于消食。用于不饥食少。焦稻芽善化积滞。用于积滞不消。,https://sys01.lib.hkbu.edu.hk/cmed/mmid/images/B00170.jpg,消食药
板蓝根,根及根茎类,十字花科植物菘蓝Isatis indigotica Fort.的干燥根。,主产河南、河北、安徽、江苏、东北等地。,苦，寒。,清热，解毒，凉血，利咽。用于温毒发斑；高热头痛；大头瘟疫；舌绛紫暗，烂喉丹痧；丹毒；痄腮；喉痹；疮肿、痈肿；水痘；麻疹；肝炎；流行性感冒，流脑，乙脑，肺炎，神昏吐衄，咽肿，火眼，疮疹。,https://sys01.lib.hkbu.edu.hk/cmed/mmid/images/B00034.jpg,清热药
马勃,菌藻类,灰包科真菌脱皮马勃Calvatia gigantea (Batsch ex Pers.) Lloyd、脱皮马勃Lasiosphaera fenzlii Reich以及紫色马勃Calvatia lilacina (Mont. et Berk.) Lloyd的干燥子实体。,主产内蒙古、甘肃、河北、陕西等地。,辛，平。,局部止血药，清肺，利咽，解热等。,https://sys01.lib.hkbu.edu.hk/cmed/mmid/images/B00001.jpg,清热药
磁石,矿物类,氧化物类矿物尖晶石族磁铁矿，主含四氧化三铁 (Fe3O4) 。商品中能吸铁者为“活磁石”，不能吸铁者为“死磁石”。,主产于辽宁、江苏、广东、安徽等地。,咸，寒。,平肝潜阳；安神镇惊；聪耳明目；纳气平喘。主眩晕；目花；耳聋；耳鸣；惊悸；失眠，肾虚喘逆。,https://sys01.lib.hkbu.edu.hk/cmed/mmid/images/B00400.jpg,安神药
沉香,藤木类,瑞香科植物白木香Aquilaria sinensis (Lour.) Gilg含有树脂的木材。全年可采收，割取含树脂的木材，除去不含树脂的部分，阴干。,主产广州、海南、广西。福建、台湾等地。,辛、苦，微温。,行气止痛，温中止呕，纳气平喘。用于胸腹胀闷疼痛，胃寒呕吐呃逆，肾虚气逆喘急。,https://sys01.lib.hkbu.edu.hk/cmed/mmid/images/B00421.jpg,理气药
丁香,花类,桃金娘科植物丁香Eugenia caryophyllata Thunb.的干燥花蕾。,主产于坦桑尼亚的桑给巴尔岛以及马来西亚、印尼等地。我国海南、广东有栽培。,甘，温。,暖胃，温肾。治胃寒痛胀、呃逆、吐泻、痹痛、疝痛、口臭、牙痛。,https://sys01.lib.hkbu.edu.hk/cmed/mmid/images/B00299.jpg,温里药
草果,果实及种子类,姜科植物草果Amomum tsao-ko Crevost et Lemaire的干燥成熟果实。,主产于贵州、广西、云南等地。,辛，温。,燥湿除寒，祛痰截疟，消食化食。主治疟疾，痰饮痞满，脘腹冷痛，反胃，呕吐，泻痢，食积。,https://sys01.lib.hkbu.edu.hk/cmed/mmid/images/B00161.jpg,化湿药
木瓜,果实及种子类,蔷薇科植物贴梗海棠Chaenomeles speciosa (Sweet) Nakai的干燥成熟果实。亦称为“皱皮木瓜”或“宣木瓜”。,主产安徽、四川、湖北、浙江等地。,酸，温。,平肝舒筋，和胃化湿。用于湿痹拘挛，腰膝关节酸重疼痛，吐泻转筋，脚气水肿。,https://sys01.lib.hkbu.edu.hk/cmed/mmid/images/B00195.jpg,祛风湿药
槐花,花类,豆科植物槐Sophora japonica L. 的干燥花及花蕾。,主产于河南、河北、山西、山东等地。,苦，微寒。,凉血止血，清肝泻火。主治肠风便血，痔血，血痢，尿血，血淋，崩漏，吐血，衄血，肝火头痛，目赤肿痛，喉痹，失音，痈疽疮疡。,https://sys01.lib.hkbu.edu.hk/cmed/mmid/images/B00302.jpg,止血药
青礞石,矿物类,变质岩类黑云母片岩Black Mica或绿泥石化云母碳酸盐片岩Carbonate。,主产于浙江淳安、湖南、湖北等地。,咸、甘，平。,坠痰下气，平肝镇惊。治顽痰胶结，咳逆喘急，癫痫发狂，烦躁胸闷，惊风抽搐。多入丸散服。,https://sys01.lib.hkbu.edu.hk/cmed/mmid/images/B00405.jpg,化痰止咳平喘药
龙胆,根及根茎类,龙胆科植物条叶龙胆Gentiana manshurica Kitag.、龙胆Gentiana scabra Bge.、三花龙胆Gentiana triflora Pall.。或坚龙胆Gentiana rigescens Franch.的干燥根及根茎。前三种习称“龙胆”，后一种习称“坚龙胆”。,主产东北地区。,苦，寒。,清热燥湿；泻肝定惊。主湿热黄疸；小便淋痛；阴肿阴痒；湿热带下；肝胆实火之头胀头痛；目赤肿痛；耳聋耳肿；胁痛口苦；热病惊风抽搐。,https://sys01.lib.hkbu.edu.hk/cmed/mmid/images/B00081.jpg,清热药
鹿茸,动物类,鹿科动物梅花鹿Cervus nippon Temminck或马鹿Cervus elaphus Linnaeus 的雄鹿未骨化密生茸毛的幼角。前者习称“花鹿茸”，后者习称“马鹿茸”。夏、秋二季锯取鹿茸，经加工后，阴干或烘干。,主产于吉林、辽宁、河北等地。,甘、咸，温。,壮肾阳，益精血，强筋骨，调冲任，托疮毒。用于阳痿滑精，宫冷不孕，羸瘦，神疲，畏寒，眩晕耳鸣耳聋，腰脊冷痛，筋骨痿软，崩漏带下，阴疽不敛。,https://sys01.lib.hkbu.edu.hk/cmed/mmid/images/B00382.jpg,补虚药
龙眼肉,果实及种子类,无患子科植物龙眼Dimocarpus longan Lour.的假种皮。,主产福建、广东、广西、云南等地。,甘，温。,补益心脾，养血安神。用于气血不足、心悸怔忡、健忘失眠、血虚萎黄。,https://sys01.lib.hkbu.edu.hk/cmed/mmid/images/B00191.jpg,补虚药
檀香,藤木类,檀香科植物檀香Santalum albm L.树干的干燥心材。,主产印度、印尼、马来西亚等地。,辛，温。,行气温中，开胃止痛。用于寒凝气滞，胸痛，腹痛，胃痛食少；冠心病，心绞痛。,https://sys01.lib.hkbu.edu.hk/cmed/mmid/images/B00148.jpg,理气药
荜茇,果实及种子类,胡椒科植物荜茇Piper longum L.的干燥近成熟或成熟果穗。,主产印尼等地。,辛，热。,温中散寒，下气止痛。用于脘腹冷痛、呕吐、泄泻、偏头痛、鼻渊、外治牙痛、冠心病、心绞痛。治心腹冷痛，呕吐吞酸，肠鸣泄泻，冷痢，阴疝，头痛，鼻渊，齿痛。,https://sys01.lib.hkbu.edu.hk/cmed/mmid/images/B00156.jpg,温里药
石韦,叶类,水龙骨科植物庐山石韦Pyrrosia sheareri (Bak.) Ching、石韦Pyrrosia lingua (Thunb.) Farwell 或有柄石韦Pyrrosia petiolosa (Christ) Ching 的干燥叶。前两者习称“大叶石韦”，后一种习称“小叶石韦”。,主产华东、华中以及东北地区。,甘、苦，微寒。,利尿通淋，清热止血。用于热淋，血淋，石淋，小便不通，淋沥涩痛，吐血，衄血，尿血，崩漏，肺热喘咳。,https://sys01.lib.hkbu.edu.hk/cmed/mmid/images/B00336.jpg,利水渗湿药
土鳖虫,动物类,鳖蠊科昆虫地鳖Eupolyphaga sinensis Walker 或冀地鳖Steleophaga plancyi (Boleny) 的雌虫干燥体。捕捉后，置沸水中烫死，晒干或烘干。,主产于安徽、江苏、河南、四川等地。,咸，寒。,破瘀血，续筋骨。用于筋骨折伤，瘀血经闭，症瘕痞块。,https://sys01.lib.hkbu.edu.hk/cmed/mmid/images/B00396.jpg,活血化瘀药
葶苈子,果实及种子类,十字花科植物播娘蒿Descurainia sophia (L.) Webb ex Prantl或独行菜Lepidium apetalum Willd.的干燥成熟种子。前者亦称“南葶苈子”，后者习称“北葶苈子”。,主产中南以及华东地区。,辛、苦，大寒。,泻肺降气；祛痰平喘；利水消肿；泄逐邪。主治痰涎壅肺之喘咳痰多；肺痈；水肿；胸腹积水；小便不利；慢性肺源性心脏病；心力衰竭之喘肿；瘰疬结核。,https://sys01.lib.hkbu.edu.hk/cmed/mmid/images/B00208.jpg,化痰止咳平喘药
薤白,根及根茎类,百合科植物小根蒜Allium macrostemon Bge.、薤Allium chinense G. Don的干燥鳞茎。,主产东北地区及江苏、湖北等地。,辛、苦，温。,胸痹心痛彻背；胸脘痞闷；咳喘痰多；脘腹疼痛；泄痢后重；白带；疮疖痈肿；通阳散结，行气导滞。,https://sys01.lib.hkbu.edu.hk/cmed/mmid/images/B00111.jpg,理气药
益智,果实及种子类,姜科植物益智Alpinia oxyphylla Miq. 的干燥成熟果实。夏、秋间果实由绿变红时采收，晒干或低温干燥。,主产于辽宁、河北、内蒙古等地。,辛，温。,温脾止泻，摄唾涎，暖肾，固精缩尿。用于脾寒泄泻，腹中冷痛，口多唾涎，肾虚遗尿，小便频数，遗精白浊。,https://sys01.lib.hkbu.edu.hk/cmed/mmid/images/B00239.jpg,补虚药
化橘红,果实及种子类,芸香科植物化州柚Citrus grandis ‘Tomentosa’ 的未成熟或近成熟的干燥外层果皮。前者习称“毛橘红”，后者习称 “光七爪”“光五爪”。,主产广东化州、廉江等地,辛、苦，温。,散寒，燥湿，利气，消痰。用于风寒咳嗽、喉痒痰多、食积伤酒、呕恶痞闷。,https://sys01.lib.hkbu.edu.hk/cmed/mmid/images/B00183.jpg,药
萹蓄,,,,,,,
白芥子,,,,,,,
鸡子黄,,,,,,,
冬瓜子,,,,,,,
胶饴,,,,,,,
炮川乌,,,,,,,
炮草乌,,,,,,,
藕节,,,,,,,
夜交藤,,,,,,,
穿山甲,,,,,,,
葱白,,,,,,,
五灵脂,,,,,,,
瓜蒂,,,,,,,
粳米,,,,,,,
珍珠,,,,,,,
玳瑁,,,,,,,
琥珀,,,,,,,
安息香,,,,,,,
浮小麦,,,,,,,
龙骨,,,,,,,
棕边炭,,,,,,,
金铃子,,,,,,,
沙苑蒺藜,,,,,,,
莲须,,,,,,,
神曲,,,,,,,
海粉,,,,,,,
梨皮,,,,,,,
冰糖,,,,,,,
荷梗,,,,,,,
西瓜翠衣,,,,,,,
丝瓜皮,,,,,,,
鲜扁豆花,,,,,,,
寒水石,,,,,,,
灶心黄土,,,,,,,
瓜瓣,,,,,,,
葛花,,,,,,,
碧玉散,,,,,,,
苏合香,,,,,,,
乌扇,,,,,,,
鼠妇,,,,,,,
紫葳,,,,,,,
蜣螂,,,,,,,
蜂窠,,,,,,,
